Nom,Code_cert,Certification,Obtention,Expiration
Tom Thompson,MSDYNCR,Microsoft Dyn365 FundamntlsCRM,2019-11-08,2021-04-12
Tom Thompson,SNMCVA,ServiceNow MC Virtual Agent,2020-09-18,2022-03-15
Tom Thompson,FOAD,Finance &Ops App Developer,2022-11-14,2025-01-05
Mary Brewer,UX-GDESI,Graphic Design / CU,2023-12-21,2025-07-08
Miranda Hill,UX-UIFD,Design et prototypage d'IU/UdC,2019-12-20,2021-11-04
Miranda Hill,SNMCCMDB,ServiceNow MC Configure CMDB,2022-11-22,2025-01-11
Lisa Rowe,UX-GDESI,Graphic Design / CU,2020-12-22,2023-03-24
Lisa Rowe,M365DEV,Microsoft 365  Developer,2020-01-18,2022-01-23
Lisa Rowe,SNMCVA,ServiceNow MC Virtual Agent,2020-12-20,2022-06-17
Jonathan Benson,IIBACBAP,Business Analyst Prof Cert,2023-02-12,2025-06-12
Jonathan Benson,CSA,Pega CSA,2024-07-01,2026-05-21
Timothy Armstrong,SASPA,SAS Cert PlatformAdministrator,2023-11-16,2026-07-21
Timothy Armstrong,MSDYNCR,Microsoft Dyn365 FundamntlsCRM,2020-06-14,2022-06-11
Timothy Armstrong,FOAD,Finance &Ops App Developer,2021-04-07,2022-11-15
Joanna Kennedy,PSM1,Scrum Master I Professional,2022-01-23,2024-06-13
Denise Harrison,SFPLATAB,Salesforce Cert PltfrmApBuildr,2021-08-12,2022-08-22
Denise Harrison,TOGAFFOU,TOGAF 9 Foundation,2021-04-26,2023-05-31
Denise Harrison,CLDDIGLD,Cloud Digital Leader,2020-12-18,2022-08-19
John Sanchez,CIIP,ISO 27001 Implementation P,2021-01-31,2022-06-10
John Sanchez,SFP,SAFe Practioner,2020-09-16,2022-08-15
John Sanchez,CIIP,ISO 27001 Implementation P,2019-10-09,2021-04-25
Derek Turner,SNMCCMDB,ServiceNow MC Configure CMDB,2020-07-12,2023-04-23
Derek Turner,P2AGILE,Prince2 Agile,2023-10-13,2025-08-21
Derek Turner,RPA,UIPath Cert RPA Associate v1.0,2023-12-26,2025-03-01
Susan Martinez,UX-WACC,Accessibilité web  / UdM,2019-09-25,2021-02-20
Mackenzie Adams,ISTQBFC,ISTQB niveau fondation,2023-12-06,2025-04-09
Mackenzie Adams,MOSMSEEO,Microsoft OS Excel Expert 2019,2022-12-28,2024-07-27
Mackenzie Adams,SFCOSCON,Salesforce Cert OmniStudioCons,2023-02-21,2025-10-26
Linda Copeland,MSDAA,Microsoft Data Analyst Assoc.,2020-04-07,2021-06-22
Jaime Johnson,OCJD,Développeur Java Cert Oracle,2021-09-30,2024-01-18
Jaime Johnson,ICP-ENT,Agility Enterprise  Prof,2021-10-26,2023-10-07
Jennifer Cox,GCLOUDDL,Google Cloud Digital Leader,2020-03-16,2021-11-22
Jennifer Cox,DP900,Microsoft CertAzureDataFundmn.,2022-02-11,2025-02-03
Jennifer Cox,AZUREDAS,Azure Data Solution Designing,2024-01-02,2025-03-22
Brenda Parker,SDESIGN,Conception responsable,2023-03-21,2024-05-19
Brenda Parker,PRAGPM,Product Management,2019-08-30,2020-12-30
Brenda Parker,MENDIX,Mendix - Become a Rapid Dvlpr,2020-12-21,2022-06-12
Robert Scott,GSSP,Java Certification,2020-10-23,2023-05-04
Robert Scott,SFSYSARC,Salesforce Cert System Archit,2024-04-20,2027-03-07
Robert Scott,AGILEPM,Agile Project Management,2023-03-29,2024-07-01
Jennifer Hernandez,SASPA,SAS Cert PlatformAdministrator,2022-06-12,2024-02-22
Jennifer Hernandez,CGISDL2,SDM Level 2 (CGI),2024-07-02,2026-06-27
Jennifer Hernandez,NOW-CSA,ServiceNow Cert System Admin,2019-10-05,2021-12-28
Yolanda Adams,GCLDCXCD,Genesys Cloud CX Cert Developr,2023-06-21,2024-08-18
Yolanda Adams,SFSVIDES,Salesforce Sharing/VisbltyDes,2023-10-08,2024-11-05
Yolanda Adams,ENG,Ingénieur,2022-08-05,2024-03-06
Paula Walker,SFPARDSP,Salesforce Cert Pardot Spec,2020-05-25,2023-02-17
Brenda Paul,TOGAFFOU,TOGAF 9 Foundation,2023-02-05,2024-08-09
Brenda Paul,SFCSVA,Salesforce Cert SharngVisibArc,2021-03-03,2022-09-24
Deanna Mcintosh,MENDIX,Mendix - Become a Rapid Dvlpr,2020-01-23,2021-02-12
Deanna Mcintosh,IPCDIC,Informatica PC DataInteg Cert,2021-06-13,2023-02-26
Teresa Mccall,SNMCMDBH,ServiceNow MC CMDB Health,2023-10-03,2025-12-23
Teresa Mccall,SASPA,SAS Cert PlatformAdministrator,2022-07-18,2023-11-25
Jason Shelton,LPT,Licensed Penetration Tester,2023-10-04,2025-05-28
Jason Shelton,SA,SAFe Agilist,2021-11-20,2024-02-22
Kim Walton,MSD365S,Microsoft Dyn365 for Sales,2023-09-29,2026-07-23
Kim Walton,CCAAHD,CCA Spark and Hadoop Developer,2020-10-19,2022-01-07
Casey Wade,MCP,MicrosoftCert Professional,2024-04-28,2026-02-13
Casey Wade,SFPLDEII,Salesforce Cert PlatformDev I,2024-06-04,2026-11-17
Casey Wade,SNMCPA,ServiceNow MC Perf Analytics,2019-10-26,2021-08-28
Michael Brown,ITILFV2,ITIL Foundations,2023-07-30,2024-12-03
Michael Brown,RTE,SAFe Release Train Engineer,2020-08-03,2023-05-06
Michael Brown,SNMCAT,ServiceNow MC Agile & Test Mgt,2024-04-08,2026-05-05
Justin Davis,MCA,Microsoft Cert Architect,2023-10-03,2026-01-05
Antonio Daniel,PRINCE2F,Cert Prince2 fondamental,2024-04-29,2025-11-14
Antonio Daniel,MSDYNCR,Microsoft Dyn365 FundamntlsCRM,2021-06-03,2024-05-02
Antonio Daniel,SOACC,SOA Certified Consultant,2022-09-06,2025-08-23
Frank Morris,UIPATH A,UiPath CertAdvRPADeveloperv1.0,2024-02-25,2026-10-14
Frank Morris,SNMCATF,ServiceNow MC Automtd Test Frm,2023-12-12,2025-12-25
Frank Morris,LPT,Licensed Penetration Tester,2020-06-26,2022-07-23
Paul Escobar,MCSEDMA,Microsoft CSE DataMgtAnalytc,2022-03-02,2023-03-20
Paul Escobar,AZ900,Azure Fundamentals AZ-900,2019-10-21,2021-10-20
Todd Stephens,POWBIAVD,Microsoft PowrBIAnaVisualData,2019-09-17,2021-10-31
Todd Stephens,MUCIA,Salesforce MuleSoftIntegArchL1,2022-03-04,2023-05-13
Michael Moreno,PRINCE2F,Cert Prince2 fondamental,2023-07-04,2026-05-19
Mathew Williams,LPT,Licensed Penetration Tester,2022-04-17,2024-09-07
Mathew Williams,12285,Lean IT Foundation by LITA,2020-01-27,2022-06-15
Mathew Williams,SFCINTAR,Salesforce Cert Integ Architec,2020-01-11,2022-03-07
Michael Walter,SFCSVA,Salesforce Cert SharngVisibArc,2020-08-03,2022-05-08
Michael Walter,SFCASSOC,Salesforce Cert Associate,2023-10-31,2025-02-11
Jamie Garcia,RHCE,Red Hat Certified Engineer,2023-08-16,2025-09-20
Jamie Garcia,ICP-ACC,Agile Coaching Professional,2022-10-09,2025-08-09
Brian Smith,QM,Quality Manager Certified,2022-08-02,2024-05-18
Brian Smith,INFDQA,Informatica DataQuality10: Adm,2022-07-22,2023-11-27
Brian Smith,SFADVADM,Salesforce Adv. Administrator,2019-12-17,2021-11-10
Lauren Brown,MCA,Microsoft Cert Architect,2023-12-04,2025-04-27
Debra Montgomery,CAPM,CertifiedAssociate ProjectMgmt,2020-12-29,2022-12-10
Matthew Dixon,MSD365FS,MSDynamics365 for FieldService,2021-08-09,2023-06-21
Matthew Dixon,GCLDSCCS,Genesys Cloud ScriptngCertSpec,2022-12-29,2024-10-29
Megan Marsh,ISTQBFC,ISTQB niveau fondation,2021-05-03,2022-08-04
Megan Marsh,MTAHCS,Microsoft TA ProgrHTMLandCSS,2024-04-27,2026-07-26
Michelle Oneill,SCCUSER,Splunk Core Certified User,2022-08-16,2025-01-08
Ross Ross,OCJP,Programmeur Java Cert Oracle,2022-07-29,2024-11-17
Ross Ross,PSMII,Professional Scrum Master II,2023-08-14,2025-08-06
Ross Ross,SF DEV,Salesforce Developer,2021-09-10,2023-03-15
Michael Wallace,IPCDIC,Informatica PC DataInteg Cert,2023-03-20,2025-05-08
Michael Wallace,GCLDSCCS,Genesys Cloud ScriptngCertSpec,2020-06-18,2022-01-16
Michael Wallace,SAF,Leading SAFe,2023-04-05,2024-10-22
Jenny Torres,UX-GOANA,Google Analytics Crtification,2024-05-07,2025-11-14
Jenny Torres,SA,SAFe Agilist,2020-11-01,2022-05-07
Jenny Torres,SNMCAT,ServiceNow MC Agile & Test Mgt,2020-04-08,2022-05-07
Troy Morris,PLPDFCA,Microsoft PowerPlatFuncConsAss,2020-11-27,2022-08-04
Troy Morris,GOOFDM,Google Fund.of Dig.Marketing,2022-10-05,2024-01-24
Troy Morris,LPT,Licensed Penetration Tester,2022-06-08,2025-03-19
Stephen Roman,SAF,Leading SAFe,2023-06-11,2025-11-27
Stephen Roman,CBTM,Business Transformation Mgr,2024-01-22,2025-02-21
Stephen Roman,OCA8,OCA8,2021-01-28,2023-04-13
Andrew Scott,NOW-CIS,ServiceNow Cert Implement Spec,2021-02-02,2022-04-14
Amanda Richards,QM,Quality Manager Certified,2021-11-11,2023-11-04
Amanda Richards,SFCEXPCC,Salesforce Cert Exp Cloud Cons,2023-03-18,2025-09-22
Connor Bean,BLUPRIDE,Blue Prism Developer,2021-04-29,2023-12-22
Connor Bean,DEVSOFND,DevSecOps Foundation​,2019-12-24,2022-10-27
Suzanne Rodgers,MSD365C,MSDynamics365 for Custom.Serv.,2023-06-26,2024-07-20
Suzanne Rodgers,SAFEDEVO,SAFe 4 Cert DevOpsPractitioner,2022-02-05,2024-09-24
Suzanne Rodgers,MSAZDEAS,Microsoft CertAzureDataEngrAss,2021-02-28,2023-04-01
Sarah Bishop,SNMCPI,ServiceNow MC PredictiveIntell,2022-03-13,2023-09-11
Sarah Bishop,SFIAMA,Salesforce Cert IdentAccMgtArc,2023-04-08,2025-09-26
Michelle Smith,SFAPPARC,Salesforce CertApplcationArch,2022-10-08,2025-02-12
Michelle Smith,SFAPPARC,Salesforce CertApplcationArch,2020-07-06,2021-08-06
Janet Beck,SFAPPARC,Salesforce CertApplcationArch,2020-10-30,2023-01-13
John Harrison,MCSEDMA,Microsoft CSE DataMgtAnalytc,2022-05-16,2025-05-11
John Harrison,12285,Lean IT Foundation by LITA,2020-05-07,2021-11-22
John Harrison,UX-USABA,Usability Analyst (CUA) / HFI,2021-10-18,2023-01-10
Micheal Schmidt,DATAPBI,Analyzing Data with Power BI,2021-05-05,2023-06-28
Micheal Schmidt,GPA,Gestionnaire de projets agréé,2021-10-26,2023-03-31
Richard Brown,SFPLDEII,Salesforce Cert PlatformDev I,2023-03-16,2024-10-26
Melissa Mitchell,SECADMIN,Splunk Enterprise Cert. Admin,2020-11-13,2023-07-24
Melissa Mitchell,ISTQBFAT,ISTQB Fnd AgileTest Cert,2021-12-28,2024-09-24
Melissa Mitchell,AWS CCP,AWS CertifiedCloudPractitioner,2024-04-29,2025-06-29
Christine Franklin,CIIP,ISO 27001 Implementation P,2023-11-13,2026-06-14
Christine Franklin,SNMCMDBH,ServiceNow MC CMDB Health,2019-10-23,2022-08-22
Carlos Parker,LSSBB,Lean Six Sigma Black Belt,2021-08-17,2022-08-17
Carlos Parker,FMECP,FME Certified Professional,2023-11-03,2025-05-18
Carlos Parker,GCLDARCS,Genesys Cloud ArchitctCertSpec,2023-07-12,2026-07-03
Daniel Sandoval,MTAHCS,Microsoft TA ProgrHTMLandCSS,2021-10-03,2022-11-20
Daniel Sandoval,CAE,Cambridge Advanced Certificate,2020-07-18,2021-12-05
Daniel Sandoval,MCPPAMA,Microsoft CertPowerPfAppMkrAss,2021-02-26,2023-12-08
Ashley Long,MICROSCF,Microsoft 365 CertFundamentals,2022-04-22,2024-01-28
Ashley Long,CSA,Pega CSA,2020-07-06,2022-05-10
Sara Burke,AZ900,Azure Fundamentals AZ-900,2022-02-17,2024-01-29
Sara Burke,MSWA,Microsoft CSA WebApplications,2020-12-25,2023-02-21
Sara Burke,OCA8,OCA8,2021-07-29,2024-06-13
Walter Hardin,MSD365F,Microsoft 365 CertFundamentals,2022-12-22,2025-02-16
Walter Hardin,SNMCIH,ServiceNow MC IntegrationHub,2023-03-22,2025-08-30
Walter Hardin,AWS CCP,AWS CertifiedCloudPractitioner,2020-03-05,2021-07-14
Randall Black,SFPLDEII,Salesforce Cert PlatformDev I,2022-05-05,2024-10-07
Randall Black,SNMCVA,ServiceNow MC Virtual Agent,2022-04-27,2023-12-02
Randall Black,SFPARDCO,Salesforce Cert Pardot Cons,2023-01-31,2025-03-07
Lindsey Sosa,ISTQBFC,ISTQB niveau fondation,2021-04-16,2023-09-23
Crystal Hansen,SFSYSARC,Salesforce Cert System Archit,2024-01-06,2025-07-24
John Rodriguez,SOACC,SOA Certified Consultant,2022-09-16,2023-12-20
John Rodriguez,SIEB8MKT,Siebel 8.0 Manager Ed 1 LVC,2023-09-19,2025-06-22
Dr. Anna Pearson DDS,CGIPM3,PM Level 3 (CGI),2021-07-01,2022-09-27
Dr. Anna Pearson DDS,CAE,Cambridge Advanced Certificate,2023-02-08,2024-05-16
Dr. Anna Pearson DDS,RPA,UIPath Cert RPA Associate v1.0,2021-08-22,2024-06-01
Monica Hardy,SNMCCMDB,ServiceNow MC Configure CMDB,2024-06-21,2026-07-11
Monica Hardy,SDESIGN,Conception responsable,2019-08-30,2021-08-16
Julie Ware,SF DEV,Salesforce Developer,2023-03-16,2025-02-17
Julie Ware,GCLOUDDL,Google Cloud Digital Leader,2020-03-20,2021-10-22
Julie Ware,D365SFCA,Microsoft D365 SalesFuncConAss,2021-10-11,2023-06-27
Ariana Stewart,IBMISDAT,IBM Cert SolDevInfoSphreDatStg,2023-01-28,2025-03-23
Ariana Stewart,NOW-CIS,ServiceNow Cert Implement Spec,2022-12-31,2025-01-10
Ariana Stewart,ITILLEAD,ITIL Leader,2023-08-24,2025-08-16
Rhonda Andrews,SIEB8MKT,Siebel 8.0 Manager Ed 1 LVC,2022-05-25,2023-07-20
Rhonda Andrews,ACP,"SCALED AGILE, SAFe Practit, SP",2024-05-24,2027-04-13
Lisa Cruz,RTE,SAFe Release Train Engineer,2023-09-23,2025-05-29
Lisa Cruz,SECADMIN,Splunk Enterprise Cert. Admin,2024-08-19,2026-06-22
Lisa Cruz,UX-UIFD,Design et prototypage d'IU/UdC,2020-12-17,2022-10-16
Erin Phillips,SFSVIDES,Salesforce Sharing/VisbltyDes,2024-06-25,2027-06-05
Erin Phillips,OCJD,Développeur Java Cert Oracle,2020-12-16,2022-01-14
Lonnie Morales,SASBP,SAS Cert Base Programmer,2024-03-28,2025-11-03
Shawn Robinson,DATAPBI,Analyzing Data with Power BI,2023-03-12,2024-11-19
Shawn Robinson,LPT,Licensed Penetration Tester,2021-05-09,2023-06-02
Shawn Robinson,MSCPFAL1,Salesforce MuleSoftCertPfArcL1,2021-04-24,2023-08-14
Karen Sims,DATAPBI,Analyzing Data with Power BI,2022-05-04,2024-11-11
Karen Sims,GSSP,Java Certification,2021-06-18,2022-08-30
Karen Sims,SAFETMS,SAFe for Teams,2021-04-22,2024-02-15
Jason Davila,CSP,Certified Scrum Professional,2023-05-27,2026-03-11
Jason Davila,MTAHCS,Microsoft TA ProgrHTMLandCSS,2020-12-21,2023-06-03
Jason Davila,DBAO10G,Oracle Database Admin. 10g,2022-02-16,2024-06-15
Miranda Mccall,CGIPM2,PM Level 2 (CGI),2019-11-13,2022-03-06
Miranda Mccall,SDP,SAFe DevOps Practitioner,2019-09-22,2021-08-05
Miranda Mccall,IBMISDAT,IBM Cert SolDevInfoSphreDatStg,2020-11-23,2022-12-15
Ryan Daniels,SFPARDCO,Salesforce Cert Pardot Cons,2022-11-26,2025-05-26
Ryan Daniels,CGIPM2,PM Level 2 (CGI),2021-06-28,2023-06-04
Kimberly Ayala,POWBIAVD,Microsoft PowrBIAnaVisualData,2023-08-02,2026-04-14
Kimberly Ayala,SSM,SAFe Scrum Master,2022-07-27,2024-12-14
Kimberly Ayala,CSM,Scrum Master Certified,2023-02-14,2026-02-07
Megan Wilson,OCJD,Développeur Java Cert Oracle,2020-09-03,2023-02-02
Megan Wilson,AWSDEVEL,AWS Developer,2021-06-29,2023-06-25
Mark Hill,SNMCVA,ServiceNow MC Virtual Agent,2020-12-10,2022-11-13
Mark Hill,FMECP,FME Certified Professional,2020-04-16,2022-09-01
Mark Hill,CGISDL3,SDM Niveau 3 (CGI),2020-01-08,2021-04-03
Jacqueline Martinez,SNMCPA,ServiceNow MC Perf Analytics,2024-06-30,2027-03-31
Jacqueline Martinez,SFSVIDES,Salesforce Sharing/VisbltyDes,2023-09-27,2025-09-10
Jacqueline Martinez,PLPDFCA,Microsoft PowerPlatFuncConsAss,2021-01-19,2023-08-23
Gina Christensen,CBAP,BusinessAnalysis:IIBA ProLv,2023-01-04,2024-05-09
Gina Christensen,SF ADM,Salesforce Administration,2023-11-30,2026-10-19
Gina Christensen,AWSSOARC,AWS Solution Architect,2021-02-27,2023-05-22
Edwin Hayes,SNMCATF,ServiceNow MC Automtd Test Frm,2022-10-01,2025-03-06
Cameron Boyle,ENG,Ingénieur,2022-07-14,2025-04-07
Cameron Boyle,RPA,UIPath Cert RPA Associate v1.0,2020-05-24,2023-03-08
Cameron Boyle,ISTQBF,ISTQB Fnd Tester Cert,2019-10-04,2022-05-21
Jason Hamilton,365_DA,MS365 Certified: Dev Associate,2023-10-26,2026-04-10
Jason Hamilton,QM,Quality Manager Certified,2023-06-27,2025-10-18
Jason Hamilton,SFCINTAR,Salesforce Cert Integ Architec,2023-07-13,2025-09-26
James Brown,TOGAF,Cadre archit OpenGroup (TOGAF),2021-05-02,2024-02-10
James Brown,MCSEDMA,Microsoft CSE DataMgtAnalytc,2022-01-22,2023-10-16
Tyler Pugh,IPCDIC,Informatica PC DataInteg Cert,2023-04-01,2025-08-17
Tyler Pugh,BCSPCDA,Data Analysis Prof Cert,2022-03-30,2025-01-18
Tyler Pugh,CSP,Certified Scrum Professional,2022-12-27,2024-04-14
Tracey Anderson,DFBYDASA,DevOps Fundamentals by DASA,2021-03-12,2023-08-22
Tammy Hatfield,PLPDFCA,Microsoft PowerPlatFuncConsAss,2023-12-31,2026-06-14
Tammy Hatfield,SFAPPARC,Salesforce CertApplcationArch,2024-03-02,2026-02-21
Tammy Hatfield,AAARPA,Automation AnywhereAdvRPA Prof,2021-10-05,2022-11-07
Mr. Curtis Soto,P2AGILE,Prince2 Agile,2021-08-25,2022-11-29
Mr. Curtis Soto,PMP,Prof gestion de projet (PMP),2023-12-07,2025-03-05
Mr. Curtis Soto,MSBIR,MS - BI Reporting,2023-02-13,2025-07-12
Michelle Valdez,IPCDIC,Informatica PC DataInteg Cert,2021-04-20,2022-12-27
Michelle Valdez,ITILFV2,ITIL Foundations,2024-08-05,2027-04-01
Edward Roberts,SFMACLSP,Salesforce Cert Mkt CldEmailSp,2024-06-13,2027-04-01
Edward Roberts,MSAZURE,Microsoft Cert Azure Fundmntls,2022-05-25,2025-01-15
Edward Roberts,SF ADM,Salesforce Administration,2019-09-08,2022-05-06
Ashley Smith,AGILEPM,Agile Project Management,2021-08-02,2023-06-09
Ashley Smith,UX-GDESI,Graphic Design / CU,2023-09-09,2026-03-04
Jeffrey Davis,SFSVIDES,Salesforce Sharing/VisbltyDes,2023-10-27,2025-02-28
Jeffrey Davis,CGIPM1,PM Level 1 (CGI),2024-07-03,2027-03-22
Alexander Murphy,SF ADM,Salesforce Administration,2019-09-20,2022-01-01
Joseph Mason,CBTM,Business Transformation Mgr,2024-02-24,2026-06-16
Joseph Mason,DFBYDASA,DevOps Fundamentals by DASA,2021-07-14,2023-02-08
Steven Ryan,SFSCCONS,Salesforce Sales Cloud Cons,2019-12-09,2021-10-22
Steven Ryan,AZ900,Azure Fundamentals AZ-900,2022-08-08,2023-08-31
Steven Ryan,SAF,Leading SAFe,2020-12-28,2023-07-15
Jennifer Jackson,SFCINTAR,Salesforce Cert Integ Architec,2021-07-29,2024-05-16
Jennifer Jackson,AAARPA,Automation AnywhereAdvRPA Prof,2024-03-19,2026-08-08
Jennifer Jackson,TOGAFFOU,TOGAF 9 Foundation,2023-04-13,2025-08-11
Cory Blackburn,CKA,Kubernetes Administrator,2022-07-12,2024-10-02
Cory Blackburn,MCSE,Microsoft Cert Solutions Exp,2022-09-25,2025-07-30
Julia Ortiz,LSSGB,Lean Six Sigma Green Belt,2022-10-05,2025-02-19
Julia Ortiz,DOFBYDOI,DevOps Fnd by DevOps Inst,2021-05-19,2023-01-29
Julia Ortiz,BPM-SA,BPMwith ARIS’ (Software AG),2020-01-03,2021-09-11
Pamela Allen,NOW-CSA,ServiceNow Cert System Admin,2024-01-07,2025-04-17
Pamela Allen,LSS_YEB,Lean Sig Sixma yellow belt,2024-08-18,2027-05-15
Alexis Murillo,MCSE,Microsoft Cert Solutions Exp,2020-10-19,2022-09-18
Alexis Murillo,ALTERYXE,Alteryx Expert,2022-08-03,2024-11-01
Brittney Werner,MCPPAMA,Microsoft CertPowerPfAppMkrAss,2022-06-17,2023-11-02
Christopher Christensen,SFIAMA,Salesforce Cert IdentAccMgtArc,2020-12-16,2022-11-02
Christopher Christensen,SDP,SAFe DevOps Practitioner,2022-10-15,2023-11-04
Christopher Christensen,SDESIGN,Conception responsable,2021-06-23,2022-07-15
Shannon Jones,ISTQBF,ISTQB Fnd Tester Cert,2023-12-27,2026-11-25
Donna Bates,FMECP,FME Certified Professional,2024-01-23,2025-04-02
Donna Bates,MSAZURE,Microsoft Cert Azure Fundmntls,2021-02-20,2023-07-14
Donna Bates,UX-GOAWO,Google AdWords Certification,2022-01-28,2024-02-08
Michael Johnson,IBMISDAT,IBM Cert SolDevInfoSphreDatStg,2024-04-04,2026-03-04
Michael Johnson,SFCOSDEV,Salesforce Cert OmniStudio Dev,2021-10-09,2024-07-04
Michael Johnson,CIIP,ISO 27001 Implementation P,2023-10-12,2026-02-11
Paula Campbell,ENG,Ingénieur,2021-11-14,2024-06-09
Adrian Morgan,MCA,Microsoft Cert Architect,2022-04-03,2024-04-29
Adrian Morgan,OIS ADF,Oracle ADF spec impl,2023-10-13,2026-03-03
Sharon Simmons,ISTQBF,ISTQB Fnd Tester Cert,2022-05-06,2025-01-30
Sharon Simmons,SASBP,SAS Cert Base Programmer,2021-04-15,2023-09-23
Sharon Simmons,P2AGILE,Prince2 Agile,2022-03-30,2023-09-06
John Flores,MSCPFAL1,Salesforce MuleSoftCertPfArcL1,2022-10-06,2024-05-22
Jeffrey Cole,MTAHCS,Microsoft TA ProgrHTMLandCSS,2023-05-01,2026-03-06
Kenneth Carter,MCP,MicrosoftCert Professional,2023-11-20,2025-04-25
Kenneth Carter,AWSDEVEL,AWS Developer,2021-05-24,2023-10-25
Kenneth Carter,OCP JSE,Oracle JAVA SE prog  prof,2023-06-07,2024-08-11
Shawn Lewis,MCA,Microsoft Cert Architect,2020-08-12,2021-08-13
Shawn Lewis,CGISDL2,SDM Level 2 (CGI),2024-01-15,2025-08-04
Rachel Moore,PROSCDEV,Scrum Developer Professional,2023-09-14,2025-09-26
Rachel Moore,GCLDSCCS,Genesys Cloud ScriptngCertSpec,2022-02-18,2023-03-22
Benjamin Ray,GCLDSCCS,Genesys Cloud ScriptngCertSpec,2023-01-10,2025-08-13
Benjamin Ray,PSM1,Scrum Master I Professional,2023-11-20,2026-10-10
Franklin Baird,PSMII,Professional Scrum Master II,2023-10-18,2026-07-19
Franklin Baird,GSSP,Java Certification,2022-02-11,2024-11-03
Franklin Baird,MSCPFAL1,Salesforce MuleSoftCertPfArcL1,2023-09-09,2026-05-18
Kimberly Lopez,CLDDIGLD,Cloud Digital Leader,2019-12-14,2022-12-07
Joshua Wallace,INFDQA,Informatica DataQuality10: Adm,2020-08-04,2023-01-01
Joshua Wallace,LSSGB,Lean Six Sigma Green Belt,2021-09-09,2024-05-13
Joshua Wallace,CBAP,BusinessAnalysis:IIBA ProLv,2022-05-28,2024-11-30
Jacob Wilcox,OIS ADF,Oracle ADF spec impl,2021-08-02,2024-06-19
Jacob Wilcox,MSD365F,Microsoft 365 CertFundamentals,2020-05-16,2022-08-20
Stephanie Taylor,ENG,Ingénieur,2021-07-29,2024-02-13
Scott Peterson,SFIAMA,Salesforce Cert IdentAccMgtArc,2021-02-15,2023-11-21
Scott Peterson,365_DA,MS365 Certified: Dev Associate,2023-10-13,2026-08-11
Scott Peterson,CGIPM2,PM Level 2 (CGI),2021-04-14,2022-08-15
Kimberly Sanchez,CIIP,ISO 27001 Implementation P,2023-01-06,2025-09-02
Jonathan Delacruz,DP900,Microsoft CertAzureDataFundmn.,2023-09-23,2026-01-14
Jonathan Delacruz,PLPDA,Microsoft PowerPlatDeveloprAss,2021-05-28,2023-03-23
Jonathan Delacruz,MSCPFAL1,Salesforce MuleSoftCertPfArcL1,2021-12-07,2023-12-28
Michael Welch,CKA,Kubernetes Administrator,2023-06-29,2024-10-17
Michael Welch,SNMCCMDB,ServiceNow MC Configure CMDB,2020-11-15,2023-06-29
Michael Welch,CKA,Kubernetes Administrator,2024-06-10,2025-10-26
Alexis Short,AWSSOARC,AWS Solution Architect,2019-10-13,2021-10-29
Alexis Short,SFADVADM,Salesforce Adv. Administrator,2023-04-12,2025-09-10
Alexis Short,CABFI,SAP CA BusFound Integrat,2024-02-20,2025-11-13
Mark Brown,SFCDA,Salesforce Cert Data Architect,2022-12-16,2024-09-01
Mark Brown,RPA,UIPath Cert RPA Associate v1.0,2023-01-27,2025-05-11
Mark Brown,MSAZDAT,Implementing Azure Data Solut,2023-09-04,2026-09-03
Melissa Bates,ICP-ACC,Agile Coaching Professional,2019-12-16,2021-09-28
Melissa Bates,MCPBIDAA,Microsoft CertPowrBIDataAnaAss,2022-11-17,2025-08-26
Melissa Bates,SIEB8MKT,Siebel 8.0 Manager Ed 1 LVC,2019-12-04,2021-01-13
Mariah Martin MD,LSSBB,Lean Six Sigma Black Belt,2021-11-19,2023-03-05
Mariah Martin MD,MCPPAMA,Microsoft CertPowerPfAppMkrAss,2023-10-14,2025-03-18
Mariah Martin MD,SASBP,SAS Cert Base Programmer,2024-02-03,2026-05-30
Kenneth Myers,PLPDFCA,Microsoft PowerPlatFuncConsAss,2020-11-24,2022-09-18
Kenneth Myers,SNMCPI,ServiceNow MC PredictiveIntell,2023-09-20,2025-04-17
Kenneth Myers,ISTQBTMC,ISTQB gest tests avancé,2023-02-10,2025-06-10
Richard Schmidt,SFSECLCO,Salesforce Service Cloud Cons,2022-01-05,2024-12-19
Patrick Mitchell,ISTQBTAC,ISTQB analyste de tests avancé,2024-07-23,2027-07-13
Patrick Mitchell,SFP,SAFe Practioner,2020-04-23,2022-05-01
Patrick Mitchell,SFCASSOC,Salesforce Cert Associate,2022-02-27,2025-02-13
Bobby Torres,CGIPM3,PM Level 3 (CGI),2023-07-07,2025-06-18
Patrick Moyer,MSD365S,Microsoft Dyn365 for Sales,2021-10-14,2023-05-08
Patrick Moyer,ENG,Ingénieur,2022-03-20,2024-06-27
Patrick Moyer,12285,Lean IT Foundation by LITA,2022-09-14,2024-10-06
John Vance MD,CSM,Scrum Master Certified,2021-05-24,2023-08-05
John Vance MD,ITILFV3,Fondation ITIL V3,2020-09-26,2023-01-12
Monique Johnson,CBAP,BusinessAnalysis:IIBA ProLv,2022-02-27,2024-12-29
Monique Johnson,CSM,Scrum Master Certified,2021-08-03,2023-05-05
Matthew Montgomery,ISTQBF,ISTQB Fnd Tester Cert,2021-03-31,2023-10-08
Matthew Montgomery,UX-GOANA,Google Analytics Crtification,2023-11-01,2025-06-08
Stephen Lane,DEVOPSL,DevOps Leader,2022-11-24,2024-07-25
Stephen Lane,DFBYDASA,DevOps Fundamentals by DASA,2020-04-24,2022-01-20
Jose Callahan,PSM,Professional Scrum Master I,2019-11-29,2022-08-02
Jose Callahan,SFADVADM,Salesforce Adv. Administrator,2019-12-26,2021-08-10
Jose Callahan,SFCFSC,Salesforce Cert FieldSrvceCons,2023-09-05,2026-02-05
Matthew Nguyen,ICP-ENT,Agility Enterprise  Prof,2020-08-16,2023-01-13
Matthew Nguyen,MAF,Microsoft Cert Azure Fundmntls,2022-09-23,2024-07-24
Matthew Solis,SFPLDEII,Salesforce Cert PlatformDev I,2023-02-23,2026-02-19
Matthew Solis,M365DEV,Microsoft 365  Developer,2024-02-09,2027-01-27
Jessica Rocha,MCPBIDAA,Microsoft CertPowrBIDataAnaAss,2023-03-14,2025-12-20
Jessica Rocha,GOOFDM,Google Fund.of Dig.Marketing,2023-05-19,2024-08-12
Tara Anderson,IIBACBAP,Business Analyst Prof Cert,2023-08-06,2026-01-01
Tara Anderson,SASE,SAFe AgileSoftware Engineering,2023-03-24,2025-03-30
Tara Anderson,JCP,Developpeur Cert Java  Sun,2020-11-13,2023-07-19
Brian Morgan,MSWA,Microsoft CSA WebApplications,2022-02-25,2023-09-11
Kenneth Martinez,GCLDCXCP,Genesys Cloud CX Cert Prof,2021-12-04,2024-10-18
Kenneth Martinez,INFDQA,Informatica DataQuality10: Adm,2019-10-20,2021-06-04
Kenneth Martinez,ING,Ingénieur,2020-10-13,2023-09-18
Shawn Rose,LSSBB,Lean Six Sigma Black Belt,2023-01-18,2024-05-27
Shawn Rose,IDFGPW,IDF G. Psychology & Web Design,2021-02-04,2023-04-13
Shawn Rose,SNMCPA,ServiceNow MC Perf Analytics,2022-10-28,2025-07-31
Bonnie Rodriguez,SFDAMGDE,Salesforce Data Arch & MgtDes,2019-09-13,2022-07-10
Bonnie Rodriguez,OCP JSE,Oracle JAVA SE prog  prof,2024-04-24,2026-08-12
Bonnie Rodriguez,SFSCCONS,Salesforce Sales Cloud Cons,2023-07-21,2025-03-15
Brittany Duarte,MOSMSEEO,Microsoft OS Excel Expert 2019,2023-09-07,2026-07-12
Brittany Duarte,AWSMALEA,AWS Machine Learning,2022-12-12,2025-08-19
Tanya Morris,ICP-ACC,Agile Coaching Professional,2022-05-01,2024-08-14
Kimberly Hawkins,SPRA,SAFe Practitioner,2024-01-25,2025-10-17
Matthew Nielsen,CAPM,CertifiedAssociate ProjectMgmt,2019-11-12,2022-02-08
Shelby Adams,CBTM,Business Transformation Mgr,2024-05-05,2025-09-08
Shelby Adams,ENG,Ingénieur,2019-10-26,2022-04-08
Shelby Adams,SFSYSARC,Salesforce Cert System Archit,2021-09-21,2023-12-31
Jennifer Alvarado,SFCFSC,Salesforce Cert FieldSrvceCons,2024-05-18,2027-04-07
Jennifer Alvarado,AWSSOARC,AWS Solution Architect,2022-03-07,2024-05-22
Brandon Bush,ALTERYXE,Alteryx Expert,2021-12-06,2023-03-08
Brandon Bush,MSBIR,MS - BI Reporting,2021-07-01,2023-07-08
Gregory Wilson,MSCPFAL1,Salesforce MuleSoftCertPfArcL1,2023-03-18,2024-06-09
Gregory Wilson,MCA,Microsoft Cert Architect,2019-11-05,2021-06-07
Gregory Wilson,MOSMSEEO,Microsoft OS Excel Expert 2019,2024-02-25,2026-03-11
Guy Alexander,SNMCVA,ServiceNow MC Virtual Agent,2022-09-07,2025-07-22
Guy Alexander,GCLDSCCS,Genesys Cloud ScriptngCertSpec,2021-06-07,2022-10-09
Margaret Guzman,ITILEXP,ITIL Expert,2020-05-09,2022-12-01
Margaret Guzman,UX-GOANA,Google Analytics Crtification,2022-12-21,2025-08-01
Juan Freeman,SNMCCMDB,ServiceNow MC Configure CMDB,2020-07-12,2023-02-14
Juan Freeman,AZUREDAS,Azure Data Solution Designing,2024-01-20,2025-03-04
Ronald Rasmussen,SFCOSDEV,Salesforce Cert OmniStudio Dev,2020-05-20,2022-07-30
Ronald Rasmussen,MSAZDEAS,Microsoft CertAzureDataEngrAss,2021-07-03,2023-10-25
Jason Murphy,BLUPRIDE,Blue Prism Developer,2021-08-11,2023-09-22
Jacob Matthews,PSMII,Professional Scrum Master II,2022-11-18,2024-12-09
Jacob Matthews,CICCIEEI,Cisco CCIE Enterprise Infrast.,2023-10-17,2026-07-01
Jacob Matthews,SFPARDSP,Salesforce Cert Pardot Spec,2023-05-27,2024-12-18
Richard Williams,SF ADM,Salesforce Administration,2023-10-11,2026-09-30
Troy Gallagher,GOOFDM,Google Fund.of Dig.Marketing,2022-09-23,2023-10-14
Troy Gallagher,UIPATH A,UiPath CertAdvRPADeveloperv1.0,2020-12-08,2023-04-26
Heather Hoffman,CBTM,Business Transformation Mgr,2020-04-20,2022-08-19
Kimberly Fletcher,12285,Lean IT Foundation by LITA,2021-11-01,2024-10-09
Amanda Mitchell,GPA,Gestionnaire de projets agréé,2024-03-24,2026-01-31
Amanda Mitchell,SCCUSER,Splunk Core Certified User,2021-05-22,2022-07-10
Mary Soto,MSCPFAL1,Salesforce MuleSoftCertPfArcL1,2020-11-11,2022-10-21
Nicole Cohen,MSAZDEAS,Microsoft CertAzureDataEngrAss,2021-06-02,2023-07-30
Brian Dean,MSAZDEAS,Microsoft CertAzureDataEngrAss,2019-12-31,2022-11-28
Brian Dean,SNMCCMDB,ServiceNow MC Configure CMDB,2020-10-04,2023-09-13
Elizabeth Perry,ISTQBF,ISTQB Fnd Tester Cert,2021-01-17,2022-01-25
Elizabeth Perry,PLPDA,Microsoft PowerPlatDeveloprAss,2020-10-24,2023-07-27
Jennifer Mccann,SNMCPI,ServiceNow MC PredictiveIntell,2023-02-20,2024-03-03
Anne Haley,SF ADM,Salesforce Administration,2020-08-05,2023-04-26
Anne Haley,SAFECSAG,Scaled Agilist Certified,2022-01-25,2024-11-10
Aaron Perez,CGISDL2,SDM Level 2 (CGI),2019-09-03,2020-12-01
Aaron Perez,IIBACBAP,Business Analyst Prof Cert,2024-08-24,2026-05-22
Aaron Perez,SIEBELCE,Siebel Cons Certified Expert,2024-05-12,2026-06-07
Amber Dudley,SNMCPI,ServiceNow MC PredictiveIntell,2021-12-14,2023-08-29
Amber Dudley,ICP-ENT,Agility Enterprise  Prof,2019-09-21,2021-03-30
Carla Parker,ISTQBTMG,ISTQB Exp Test Management Cert,2023-05-03,2024-09-13
Carla Parker,ICP-ACC,Agile Coaching Professional,2022-07-25,2023-10-12
Jason Mills,AWS CCP,AWS CertifiedCloudPractitioner,2024-08-06,2027-02-28
Jason Mills,DEVSOFND,DevSecOps Foundation​,2023-04-04,2026-02-12
Jason Mills,LSSBB,Lean Six Sigma Black Belt,2023-04-14,2026-02-06
Allison Hart,SFPARDSP,Salesforce Cert Pardot Spec,2022-01-15,2023-10-29
Allison Hart,SPOPM,SAFe Product Owner Prod Mngr,2021-12-29,2024-12-06
John Wall,BCSPCDA,Data Analysis Prof Cert,2020-03-13,2022-08-26
John Wall,CBTM,Business Transformation Mgr,2022-04-11,2025-02-24
John Wall,SSM,SAFe Scrum Master,2023-09-09,2025-03-02
Veronica Castillo,CGIPM1,PM Level 1 (CGI),2023-10-06,2026-02-23
Veronica Castillo,SASBICD,SAS Cert BI Content Developer,2021-05-30,2024-01-29
Lydia Ortiz,12285,Lean IT Foundation by LITA,2021-04-03,2023-07-16
Lydia Ortiz,MSAZDAT,Implementing Azure Data Solut,2019-11-19,2022-02-08
Lydia Ortiz,SFCFSC,Salesforce Cert FieldSrvceCons,2019-11-09,2021-02-22
Michael Gilbert,ITILLEAD,ITIL Leader,2021-07-09,2024-03-21
Allison Jones,IIBACBAP,Business Analyst Prof Cert,2021-02-01,2022-02-19
Holly Ballard,AWSDOENG,AWS DevOps Engineer,2021-09-24,2023-07-27
Holly Ballard,SFIAMA,Salesforce Cert IdentAccMgtArc,2019-10-13,2021-10-16
Arthur Meza,SAF,Leading SAFe,2020-04-22,2023-03-24
Arthur Meza,MSAZDEAS,Microsoft CertAzureDataEngrAss,2023-09-26,2026-08-25
Arthur Meza,MSDAA,Microsoft Data Analyst Assoc.,2020-02-04,2022-02-04
John Gonzales,ENG,Ingénieur,2021-08-06,2023-06-06
Tracy Sanders,PLPF,Microsoft PowerPlatFundamentls,2021-12-28,2024-11-24
Tracy Sanders,MSWA,Microsoft CSA WebApplications,2021-03-27,2022-05-17
Eric Huff,MSBIR,MS - BI Reporting,2022-01-06,2024-09-08
Jacqueline Williams,PRAGPM,Product Management,2019-12-18,2021-09-26
Jacqueline Williams,LPT,Licensed Penetration Tester,2022-02-01,2024-09-16
Jacqueline Williams,ITILV4,ITIL 4 Foundation,2024-07-03,2026-02-27
Nancy Poole,MSAZURE,Microsoft Cert Azure Fundmntls,2020-06-03,2022-04-24
Nancy Poole,SNMCAT,ServiceNow MC Agile & Test Mgt,2020-09-25,2023-01-07
Darrell Arroyo,PLPDFCA,Microsoft PowerPlatFuncConsAss,2021-05-08,2023-11-18
Darrell Arroyo,SAFEPO,SAFe Prod.-Manager-Owner,2023-11-14,2026-09-16
Darrell Arroyo,CENG,Ingénieur agréé,2021-11-20,2022-12-18
Lauren Mcguire,ALTERYXE,Alteryx Expert,2023-03-18,2024-04-17
Lauren Mcguire,SPLUNKP,Splunk Power User Cert,2023-04-05,2024-04-04
James Carey,AZ900,Azure Fundamentals AZ-900,2023-09-09,2025-01-13
Charles Smith,ITILSM,ITIL Service Manager,2022-07-15,2023-08-13
Charles Smith,MSAZSEEN,Microsoft Azure Security Engr,2022-08-10,2025-03-14
Charles Smith,SFADVADM,Salesforce Adv. Administrator,2023-03-26,2024-11-22
James Sanchez,SAFEDEVO,SAFe 4 Cert DevOpsPractitioner,2023-01-15,2024-09-28
Michael Johnson,SSM,SAFe Scrum Master,2020-04-20,2022-04-13
Michael Johnson,PSM,Professional Scrum Master I,2022-05-15,2025-03-20
Jennifer Lambert,SASPA,SAS Cert PlatformAdministrator,2021-05-04,2024-04-06
Brett Vaughn,MDCRMCC,Microsoft DynamicsCRMCust&Cnf,2019-11-06,2021-05-05
Brett Vaughn,SFSYSARC,Salesforce Cert System Archit,2022-12-16,2024-06-17
Bryce Horne,NOW-CSA,ServiceNow Cert System Admin,2021-07-20,2022-09-09
Natalie Stanton,ITILSM,ITIL Service Manager,2019-10-07,2022-04-28
Natalie Stanton,MSAZDF,Microsoft Azure DataFundmntls,2021-08-18,2022-08-23
Diana Thompson,MCP,MicrosoftCert Professional,2022-10-01,2024-06-28
Diana Thompson,MSD365F,Microsoft 365 CertFundamentals,2024-03-03,2025-10-07
Diana Thompson,DEVSOFND,DevSecOps Foundation​,2020-06-14,2021-07-18
Gabriel Martin,AWSDOENG,AWS DevOps Engineer,2020-08-31,2022-10-24
Gabriel Martin,ALTERYXD,Alteryx Designer Core,2020-06-17,2021-08-23
Joshua Hudson,ICP-ACC,Agile Coaching Professional,2024-05-01,2026-09-09
Joshua Hudson,SFPARDCO,Salesforce Cert Pardot Cons,2020-02-23,2022-03-31
Joshua Hudson,UX-GDESI,Graphic Design / CU,2022-02-24,2024-02-17
Melissa Brown,MSAZURE,Microsoft Cert Azure Fundmntls,2023-11-17,2026-04-01
Aaron Beck,SCCUSER,Splunk Core Certified User,2020-04-28,2021-09-02
Aaron Beck,PSM1,Scrum Master I Professional,2019-11-01,2021-05-13
Aaron Beck,SFCASSOC,Salesforce Cert Associate,2020-07-24,2023-02-02
Brian Vargas,UX-USABA,Usability Analyst (CUA) / HFI,2023-10-12,2025-04-20
Brian Vargas,SASBP,SAS Cert Base Programmer,2023-08-18,2025-11-19
Brian Vargas,AWSDEVEL,AWS Developer,2020-03-26,2022-02-08
Katie Thompson,SNMCMDBH,ServiceNow MC CMDB Health,2022-04-10,2023-11-25
Courtney Burton,LSSBB,Lean Six Sigma Black Belt,2023-07-24,2026-02-23
Misty Barker,MSD365S,Microsoft Dyn365 for Sales,2022-12-15,2025-07-25
Aaron Martin,P2AGILE,Prince2 Agile,2020-03-14,2023-03-15
Brandon Lewis,SF ADM,Salesforce Administration,2022-08-17,2025-07-07
Brandon Lewis,IDFGPW,IDF G. Psychology & Web Design,2022-10-09,2024-09-04
Jaclyn Mccormick,OCJD,Développeur Java Cert Oracle,2020-06-08,2022-02-03
Nathan Harris,MCPPAMA,Microsoft CertPowerPfAppMkrAss,2024-01-07,2025-11-18
Nathan Harris,ISTQBFAT,ISTQB Fnd AgileTest Cert,2023-01-31,2024-04-30
Carolyn Fry,IBMISDAT,IBM Cert SolDevInfoSphreDatStg,2019-12-12,2022-10-20
Carolyn Fry,SNMCPA,ServiceNow MC Perf Analytics,2020-10-13,2022-12-19
Mary Meyers,UX-UTE,Usability Testing Edit / CU,2024-07-28,2026-08-13
Kelly Figueroa,OIS ADF,Oracle ADF spec impl,2021-05-28,2023-06-04
Kelly Figueroa,OCJD,Développeur Java Cert Oracle,2020-06-11,2022-09-18
Shannon Hernandez,SFIAMA,Salesforce Cert IdentAccMgtArc,2020-12-15,2023-08-24
Edward Blair,CGISDL3,SDM Niveau 3 (CGI),2021-04-06,2023-05-15
Edward Blair,GCLDSCCS,Genesys Cloud ScriptngCertSpec,2024-03-06,2026-07-06
Edward Blair,MSWA,Microsoft CSA WebApplications,2023-09-24,2025-12-22
Sylvia Gomez,SAFEDEVO,SAFe 4 Cert DevOpsPractitioner,2019-11-03,2021-12-18
William Morgan,DKSCRUMO,SCRUM Product Owner (DK),2020-09-02,2022-07-05
William Morgan,ACCESS42,Access 42 - Accessibilité,2020-06-24,2022-04-04
Susan Burke,CCAAHD,CCA Spark and Hadoop Developer,2020-04-21,2021-08-10
Susan Burke,RTE,SAFe Release Train Engineer,2021-09-11,2023-06-17
Susan Burke,IPCDIC,Informatica PC DataInteg Cert,2022-07-21,2025-02-08
Phillip Mccall,OCA8,OCA8,2020-11-07,2023-08-16
Susan Jordan,CAPM,CertifiedAssociate ProjectMgmt,2023-08-16,2024-12-06
Rebecca Estes,365_DA,MS365 Certified: Dev Associate,2022-03-05,2024-05-24
Wyatt Villa,OCP JSE,Oracle JAVA SE prog  prof,2023-03-25,2024-12-10
Teresa Pearson,GCLOUDAE,GoogleCloudAssociateEngineer,2019-10-22,2021-08-08
Joel Randall,ACCESS42,Access 42 - Accessibilité,2020-03-10,2021-12-23
Joel Randall,AZUREDAS,Azure Data Solution Designing,2024-08-25,2026-01-05
Joel Randall,UIPATH A,UiPath CertAdvRPADeveloperv1.0,2021-01-01,2022-02-15
Jill Watson,SA,SAFe Agilist,2024-08-08,2026-09-26
Jill Watson,AWSDOENG,AWS DevOps Engineer,2020-08-05,2021-08-08
Jill Watson,ALTERYXE,Alteryx Expert,2023-09-03,2026-03-09
Connie Peterson,IIBACBAP,Business Analyst Prof Cert,2021-06-20,2022-07-27
Connie Peterson,BCSPCDA,Data Analysis Prof Cert,2021-01-18,2023-07-01
Connie Peterson,POWBIAVD,Microsoft PowrBIAnaVisualData,2021-11-13,2024-05-16
Cheryl Hartman,CCAAHD,CCA Spark and Hadoop Developer,2023-03-26,2024-05-10
Cheryl Hartman,CSTEST,Software Tester Certified,2020-06-07,2022-05-05
Cheryl Hartman,ENG,Ingénieur,2024-08-05,2027-01-10
Alicia Brooks,ENG,Ingénieur,2022-07-29,2025-05-09
Alicia Brooks,ITILFV3,Fondation ITIL V3,2020-02-23,2023-01-24
Alicia Brooks,MCPPAMA,Microsoft CertPowerPfAppMkrAss,2021-06-20,2023-11-18
Melissa Washington,MD365,Microsoft Dynamics 365,2021-05-26,2022-09-12
Melissa Washington,MSD365F,Microsoft 365 CertFundamentals,2021-10-14,2023-08-04
Dana Roberts,CGIPM2,PM Level 2 (CGI),2022-07-18,2024-01-07
Dana Roberts,GCLDCXCD,Genesys Cloud CX Cert Developr,2024-04-05,2026-03-23
Keith Alvarez,MSWA,Microsoft CSA WebApplications,2024-01-06,2026-11-12
Keith Alvarez,FMECP,FME Certified Professional,2020-09-14,2022-02-04
Scott Terry,365_DA,MS365 Certified: Dev Associate,2024-03-29,2026-11-05
Scott Terry,PSMII,Professional Scrum Master II,2023-12-08,2025-06-17
Wanda Carr,MSWA,Microsoft CSA WebApplications,2019-10-23,2021-01-06
Wanda Carr,ITILLEAD,ITIL Leader,2024-06-08,2026-01-10
Wanda Carr,MTAHCS,Microsoft TA ProgrHTMLandCSS,2019-10-22,2022-01-28
Mrs. Victoria Smith,DKSCRUMO,SCRUM Product Owner (DK),2022-12-31,2025-02-13
Mrs. Victoria Smith,D365SFCA,Microsoft D365 SalesFuncConAss,2023-09-27,2026-03-08
Mrs. Victoria Smith,SASE,SAFe AgileSoftware Engineering,2021-01-26,2023-05-27
Amber Mosley,GPA,Gestionnaire de projets agréé,2023-10-31,2026-03-24
Marcus Tucker,MSAZDF,Microsoft Azure DataFundmntls,2022-09-02,2024-10-22
Todd Duarte,SFIAMA,Salesforce Cert IdentAccMgtArc,2023-05-27,2026-04-15
Todd Duarte,CABFI,SAP CA BusFound Integrat,2022-06-17,2024-11-17
Todd Duarte,ISTQBFC,ISTQB niveau fondation,2023-01-07,2024-04-27
Kayla Wall,CICCIEEI,Cisco CCIE Enterprise Infrast.,2020-10-26,2022-01-16
Kayla Wall,DOFBYDOI,DevOps Fnd by DevOps Inst,2020-03-26,2022-11-03
Kayla Wall,UX-WACC,Accessibilité web  / UdM,2021-07-02,2024-02-22
Shannon Webb,MENDIX,Mendix - Become a Rapid Dvlpr,2019-11-18,2022-03-11
Jennifer Young,SFCCPQS,Salesforce Cert CPQ Specialist,2024-04-24,2025-07-17
Albert Smith,SFSVIDES,Salesforce Sharing/VisbltyDes,2021-01-20,2023-06-19
Albert Smith,RTE,SAFe Release Train Engineer,2019-12-21,2022-04-30
Albert Smith,ACCESS42,Access 42 - Accessibilité,2023-11-16,2026-04-22
Jordan Wilson,DP900,Microsoft CertAzureDataFundmn.,2024-05-29,2027-05-21
James Farrell,ALTERYXE,Alteryx Expert,2022-04-26,2024-11-18
James Farrell,PRAGPM,Product Management,2019-10-25,2021-02-10
James Farrell,MSDYNCR,Microsoft Dyn365 FundamntlsCRM,2020-10-09,2021-11-23
Andrew Gonzalez,SNMCVA,ServiceNow MC Virtual Agent,2020-03-12,2022-11-23
Andrew Gonzalez,SFCDA,Salesforce Cert Data Architect,2024-01-13,2025-04-26
Nathan Tate,OIS ADF,Oracle ADF spec impl,2022-01-01,2024-02-15
Ryan Duke,SCCUSER,Splunk Core Certified User,2021-11-15,2024-10-18
Ryan Duke,ITILEXP,ITIL Expert,2020-11-18,2023-05-19
Jeremy Williams,BPM-SA,BPMwith ARIS’ (Software AG),2022-07-02,2023-08-13
Taylor Powers,BPM-SA,BPMwith ARIS’ (Software AG),2020-12-04,2022-01-12
David Sanchez,CLDDIGLD,Cloud Digital Leader,2023-09-19,2026-02-22
David Sanchez,ACP,"SCALED AGILE, SAFe Practit, SP",2023-06-22,2025-10-26
Alicia Mcintosh,DATAPBI,Analyzing Data with Power BI,2022-07-07,2024-06-13
Jerome Griffith,MCA,Microsoft Cert Architect,2021-11-05,2023-02-25
Jerome Griffith,SECADMIN,Splunk Enterprise Cert. Admin,2020-11-03,2022-05-14
Jerome Griffith,P2AGILE,Prince2 Agile,2022-11-07,2025-10-18
Michael Hurst,DEVSOFND,DevSecOps Foundation​,2021-09-14,2024-01-13
Michael Hurst,OCJP,Programmeur Java Cert Oracle,2023-09-06,2025-11-17
Andrew Turner,UX-WACC,Accessibilité web  / UdM,2021-12-26,2024-10-11
Andrew Turner,FOAD,Finance &Ops App Developer,2020-02-29,2022-02-22
Andrew Turner,P2AGILE,Prince2 Agile,2024-03-24,2026-04-17
Daniel Murphy,GCLOUDAE,GoogleCloudAssociateEngineer,2022-02-17,2024-03-17
Jose Vazquez,AGILEPM,Agile Project Management,2023-02-03,2025-10-28
Andrew Cervantes,DFBYDASA,DevOps Fundamentals by DASA,2024-08-05,2026-04-11
Stephanie Clark,SFPARDCO,Salesforce Cert Pardot Cons,2023-12-22,2025-03-26
Stephanie Clark,CAE,Cambridge Advanced Certificate,2022-08-21,2025-03-02
Stephanie Clark,ITILFV2,ITIL Foundations,2024-02-13,2026-06-12
Michael Kane,IDFDT,IDF Design Thinking,2022-09-05,2024-03-07
Michael Kane,LSSBB,Lean Six Sigma Black Belt,2022-08-22,2025-01-28
Philip Williams,GPA,Gestionnaire de projets agréé,2024-05-12,2026-12-08
Vanessa Martinez,GCLDARCS,Genesys Cloud ArchitctCertSpec,2020-04-29,2023-04-22
Christina Williams,ALTERYXD,Alteryx Designer Core,2023-06-25,2024-10-05
Christina Williams,ISTQBTMC,ISTQB gest tests avancé,2021-10-27,2023-04-07
Joseph Williams,CAE,Cambridge Advanced Certificate,2023-08-25,2025-03-07
Penny Smith,UX-WACC,Accessibilité web  / UdM,2022-12-01,2024-02-29
Penny Smith,P2AGILE,Prince2 Agile,2024-07-04,2026-09-23
Gabriella Gentry,CAE,Cambridge Advanced Certificate,2022-05-15,2023-07-05
Gabriella Gentry,SSM,SAFe Scrum Master,2022-07-16,2025-03-24
Randy Baxter,CIIP,ISO 27001 Implementation P,2022-02-22,2024-11-20
Randy Baxter,SA,SAFe Agilist,2024-03-28,2026-07-15
Brian Villanueva,MD365,Microsoft Dynamics 365,2020-07-21,2022-04-02
Shari Gardner,MSDAA,Microsoft Data Analyst Assoc.,2022-01-22,2023-11-13
Joshua Kelly,ITILFV2,ITIL Foundations,2021-01-16,2023-06-30
Richard Wood,ISTQBFC,ISTQB niveau fondation,2022-04-09,2024-08-30
Richard Wood,ITILFV2,ITIL Foundations,2023-12-14,2026-02-02
Richard Wood,ALTERYXE,Alteryx Expert,2023-04-16,2024-05-23
Sarah Martin,CBAP,BusinessAnalysis:IIBA ProLv,2023-11-03,2025-02-11
Sarah Martin,RPA,UIPath Cert RPA Associate v1.0,2021-08-01,2023-11-16
Catherine Lawson,SAFETMS,SAFe for Teams,2021-09-20,2022-11-01
Corey Cooper,PSM1,Scrum Master I Professional,2023-03-16,2026-01-03
Corey Cooper,CSTEST,Software Tester Certified,2020-11-28,2022-12-31
Kenneth Anderson,SOACC,SOA Certified Consultant,2020-09-28,2022-08-31
Kenneth Anderson,DATAPBI,Analyzing Data with Power BI,2023-04-07,2025-10-19
Kenneth Anderson,SFPARDSP,Salesforce Cert Pardot Spec,2023-07-23,2025-04-14
John Glenn,ISTQBFC,ISTQB niveau fondation,2020-07-22,2021-09-20
John Glenn,M365DEV,Microsoft 365  Developer,2023-07-01,2024-07-02
Holly Little,ISTQBTAC,ISTQB analyste de tests avancé,2022-11-12,2024-12-12
Pamela Pittman,OCJD,Développeur Java Cert Oracle,2023-08-20,2025-10-08
Jennifer Romero,MUCD,Salesforce Mulesoft CertDev L1,2024-01-01,2025-06-01
Jennifer Romero,CICCIEEI,Cisco CCIE Enterprise Infrast.,2022-03-27,2023-09-23
Jennifer Romero,SFDAMGDE,Salesforce Data Arch & MgtDes,2023-03-06,2026-02-27
Kristen Curtis,SFCCPQS,Salesforce Cert CPQ Specialist,2022-07-10,2023-10-17
Kristen Curtis,GPA,Gestionnaire de projets agréé,2022-02-16,2024-10-06
Kristen Curtis,DKSCRUMO,SCRUM Product Owner (DK),2022-03-13,2023-12-08
William Moran,SAF,Leading SAFe,2024-06-24,2025-09-05
William Moran,DKSCRUMO,SCRUM Product Owner (DK),2023-05-20,2025-10-09
Amy Bishop,ISTQBTAE,ISTQB Exp Test Auto Eng Cert,2023-07-25,2025-08-28
Michele Conrad,SFSECLCO,Salesforce Service Cloud Cons,2019-12-12,2021-06-26
Michele Conrad,PLPDA,Microsoft PowerPlatDeveloprAss,2023-10-21,2025-06-26
Dr. Joanna Bush,SFCDLCDA,Salesforce Cert DevLifecDepArc,2023-10-11,2025-12-05
Dr. Joanna Bush,CSA,Pega CSA,2021-12-07,2023-06-12
Dr. Joanna Bush,CSM,Scrum Master Certified,2024-03-10,2025-07-17
Anita Martinez,SFDAMGDE,Salesforce Data Arch & MgtDes,2020-12-10,2022-09-22
Gina Rollins,SPLUNKP,Splunk Power User Cert,2022-03-12,2023-10-17
Glenda Glover,M365DEV,Microsoft 365  Developer,2020-07-22,2022-09-14
Glenda Glover,RPA,UIPath Cert RPA Associate v1.0,2022-03-26,2024-10-14
Jennifer Malone,ISTQBTMG,ISTQB Exp Test Management Cert,2021-07-04,2024-03-10
Jennifer Malone,ISTQBTMG,ISTQB Exp Test Management Cert,2024-05-31,2025-09-29
Stephen Charles,LSS_YEB,Lean Sig Sixma yellow belt,2024-06-25,2025-09-05
Stephen Charles,SFCCPQS,Salesforce Cert CPQ Specialist,2021-01-24,2022-09-17
Stephen Charles,SFPLATAB,Salesforce Cert PltfrmApBuildr,2023-10-17,2024-10-21
Martha White,SPOPM,SAFe Product Owner Prod Mngr,2021-01-10,2023-09-13
Joseph White,SPRA,SAFe Practitioner,2021-02-11,2023-10-20
Joseph White,MSAZURE,Microsoft Cert Azure Fundmntls,2020-08-25,2022-04-23
Joseph White,MSAZDAT,Implementing Azure Data Solut,2024-07-05,2026-04-13
Mrs. Diana Lawson,PMP,Prof gestion de projet (PMP),2019-11-25,2021-08-27
Mrs. Diana Lawson,GCLOUDDL,Google Cloud Digital Leader,2024-07-05,2026-09-10
Shaun Williams DDS,ITILV4,ITIL 4 Foundation,2021-05-19,2022-09-20
Cynthia Weber,ING JR,Ingénieur junior,2022-11-17,2025-10-29
Pamela Ryan,MSAZDEAS,Microsoft CertAzureDataEngrAss,2021-02-02,2023-05-18
Pamela Ryan,POWBIAVD,Microsoft PowrBIAnaVisualData,2022-07-31,2024-05-20
Hayden Franco,MSDYNCR,Microsoft Dyn365 FundamntlsCRM,2021-04-13,2023-07-19
Hayden Franco,SOACC,SOA Certified Consultant,2020-11-29,2022-09-21
Hayden Franco,KSUSIT,Numérique Responsable,2021-01-20,2023-10-17
Wayne Conner,SNMCPA,ServiceNow MC Perf Analytics,2022-03-30,2024-12-02
Joshua Taylor,MSAZDAT,Implementing Azure Data Solut,2019-11-27,2021-07-17
Joshua Taylor,D365SFCA,Microsoft D365 SalesFuncConAss,2022-10-20,2025-05-13
Lori Mendoza,MCA,Microsoft Cert Architect,2023-01-15,2024-03-18
Lori Mendoza,FMECP,FME Certified Professional,2023-11-27,2025-12-23
Elizabeth Johnson,ITILFV3,Fondation ITIL V3,2021-08-23,2023-12-19
Elizabeth Johnson,SPLUNKP,Splunk Power User Cert,2019-10-03,2021-12-20
Paul Estrada,DOFBYDOI,DevOps Fnd by DevOps Inst,2020-11-24,2022-07-01
Paul Estrada,CLDDIGLD,Cloud Digital Leader,2023-08-18,2024-10-19
Susan Garcia,IDFDT,IDF Design Thinking,2020-01-06,2021-08-16
Anna Mitchell,CSP,Certified Scrum Professional,2019-09-25,2022-05-16
Kathleen Fletcher,AWSDOENG,AWS DevOps Engineer,2019-11-01,2022-02-15
Kathleen Fletcher,ENG,Ingénieur,2023-04-21,2025-04-20
Jonathan Christensen,SFAPPARC,Salesforce CertApplcationArch,2023-12-22,2026-10-15
Jonathan Christensen,SFADVADM,Salesforce Adv. Administrator,2022-04-04,2024-11-01
Grace Johnson,RTE,SAFe Release Train Engineer,2020-05-07,2021-05-31
Grace Johnson,PMP,Prof gestion de projet (PMP),2023-08-29,2025-08-21
James Lowe,SNMCMDBH,ServiceNow MC CMDB Health,2020-08-25,2022-11-28
James Lowe,CSA,Pega CSA,2022-11-23,2025-07-01
Jacob Phelps,SFCASSOC,Salesforce Cert Associate,2021-08-24,2024-02-18
Jacob Phelps,MSCPFAL1,Salesforce MuleSoftCertPfArcL1,2023-03-04,2025-03-07
Andrew Collins,FMECP,FME Certified Professional,2020-09-04,2023-01-08
Andrew Collins,MSD365C,MSDynamics365 for Custom.Serv.,2020-06-25,2021-07-02
William Carr,SNMCIH,ServiceNow MC IntegrationHub,2022-07-07,2024-08-03
William Carr,MENDIX,Mendix - Become a Rapid Dvlpr,2023-12-19,2025-09-19
William Carr,MSD365C,MSDynamics365 for Custom.Serv.,2022-10-06,2024-08-22
James Burns,MCP,MicrosoftCert Professional,2022-07-24,2024-04-02
Jordan Hale,P2AGILE,Prince2 Agile,2020-11-26,2023-11-11
Jordan Hale,SNMCVA,ServiceNow MC Virtual Agent,2019-09-05,2022-05-05
Martin Moore,RPA,UIPath Cert RPA Associate v1.0,2022-05-24,2023-10-13
Martin Moore,AZ900,Azure Fundamentals AZ-900,2023-05-30,2025-02-08
Martin Moore,SPOPM,SAFe Product Owner Prod Mngr,2023-05-18,2026-03-07
Marcus Garrett,OCJD,Développeur Java Cert Oracle,2023-10-17,2026-01-14
Kevin Kemp,AWSSOARC,AWS Solution Architect,2020-07-07,2021-10-20
Kevin Kemp,MENDIX,Mendix - Become a Rapid Dvlpr,2023-11-02,2025-08-01
Brian Thomas,ACP,"SCALED AGILE, SAFe Practit, SP",2021-05-01,2023-12-03
Brian Thomas,MSAZSEEN,Microsoft Azure Security Engr,2020-03-31,2023-03-03
Brian Thomas,SFCASSOC,Salesforce Cert Associate,2021-03-20,2023-03-08
Allen Hill,PSM1,Scrum Master I Professional,2022-06-12,2025-01-12
Jonathon Fuentes,SFPLDEII,Salesforce Cert PlatformDev I,2021-09-28,2024-08-06
Jonathon Fuentes,UIPATH A,UiPath CertAdvRPADeveloperv1.0,2019-11-03,2022-01-06
Jonathon Fuentes,MD365,Microsoft Dynamics 365,2023-05-09,2025-04-20
Danielle Ross,MICROSCF,Microsoft 365 CertFundamentals,2021-08-13,2023-09-27
Danielle Ross,365_DA,MS365 Certified: Dev Associate,2022-01-12,2023-07-26
William Hardin,MTAHCS,Microsoft TA ProgrHTMLandCSS,2022-08-04,2024-10-09
William Hardin,SFCCPQS,Salesforce Cert CPQ Specialist,2022-06-08,2024-04-07
William Hardin,CLDDIGLD,Cloud Digital Leader,2023-10-02,2026-08-04
Danny Rice,SAFETMS,SAFe for Teams,2022-12-05,2024-03-05
Linda Medina,IDFDT,IDF Design Thinking,2022-09-17,2023-12-21
Linda Medina,AZUREDAS,Azure Data Solution Designing,2021-05-20,2023-01-05
Sierra Brown,AWS CCP,AWS CertifiedCloudPractitioner,2023-07-15,2025-06-30
Jennifer Jackson,GPA,Gestionnaire de projets agréé,2020-12-03,2023-04-17
Tyler Bauer,UX-GDESI,Graphic Design / CU,2022-12-08,2025-05-25
Anthony Walker,SA,SAFe Agilist,2022-07-03,2024-01-18
Dr. John Morris DDS,SFCDLCDA,Salesforce Cert DevLifecDepArc,2022-03-22,2024-05-05
Amanda Cuevas,JCP,Developpeur Cert Java  Sun,2021-06-02,2022-06-21
Christopher Rodriguez,AWSMALEA,AWS Machine Learning,2022-06-27,2023-10-19
Jennifer Love,AGILEPM,Agile Project Management,2023-01-19,2024-11-02
Jennifer Love,SNMCIH,ServiceNow MC IntegrationHub,2024-02-18,2025-04-29
Jennifer Love,SFPLDEII,Salesforce Cert PlatformDev I,2022-03-24,2024-11-05
Kathleen Holden,UX-GOANA,Google Analytics Crtification,2021-11-13,2023-08-24
Kathleen Holden,ISTQBF,ISTQB Fnd Tester Cert,2022-12-08,2024-09-23
Deanna Rice,NOW-CIS,ServiceNow Cert Implement Spec,2019-10-08,2022-07-24
Lucas Martin,OCP JSE,Oracle JAVA SE prog  prof,2021-10-05,2022-12-01
Lucas Martin,ING JR,Ingénieur junior,2020-12-21,2023-07-01
Lucas Martin,OCP JSE,Oracle JAVA SE prog  prof,2020-12-23,2023-08-17
David Meyer,OSAD,OutSystems Asso Dev,2021-09-24,2023-11-05
David Meyer,ING JR,Ingénieur junior,2021-12-02,2024-02-11
Maureen Woodward,MSAZDAT,Implementing Azure Data Solut,2021-05-14,2023-12-26
Maureen Woodward,SFAPPARC,Salesforce CertApplcationArch,2020-11-01,2022-10-08
Maureen Woodward,MSCDL1M4,SalesforceMuleSoftDevL1M4DELTA,2023-12-04,2026-03-21
Christopher Jenkins,CKA,Kubernetes Administrator,2023-07-03,2024-12-16
Christopher Jenkins,INFDQA,Informatica DataQuality10: Adm,2021-09-14,2023-10-28
Julie Parsons,MSBIR,MS - BI Reporting,2023-06-06,2024-09-05
Heather Waters,MSBIR,MS - BI Reporting,2021-05-18,2023-06-30
Eric Murray,SFCOSCON,Salesforce Cert OmniStudioCons,2021-01-15,2022-07-18
Eric Murray,FOAD,Finance &Ops App Developer,2020-06-01,2021-10-20
Eric Murray,PSM,Professional Scrum Master I,2021-07-10,2023-11-11
Brittany Whitaker,SNMCIH,ServiceNow MC IntegrationHub,2021-03-26,2022-06-04
Brittany Whitaker,INFCIAM,Informatica Cloud Integr (F),2024-08-03,2026-07-29
Michelle Brown,MDCRMCC,Microsoft DynamicsCRMCust&Cnf,2022-12-10,2024-12-25
Michelle Brown,DBAO10G,Oracle Database Admin. 10g,2020-04-21,2021-10-29
Brian Curtis,SFIAMA,Salesforce Cert IdentAccMgtArc,2022-11-11,2024-03-25
Brian Curtis,OSAD,OutSystems Asso Dev,2024-04-20,2027-01-06
Brian Curtis,SASPA,SAS Cert PlatformAdministrator,2019-10-03,2022-04-17
Crystal Long,SASBP,SAS Cert Base Programmer,2022-05-05,2024-01-12
Daniel Cardenas,SECADMIN,Splunk Enterprise Cert. Admin,2020-11-09,2022-08-16
Jeffrey Welch,KSUSIT,Numérique Responsable,2023-09-12,2025-08-02
Jeffrey Welch,MSD365C,MSDynamics365 for Custom.Serv.,2023-12-24,2026-02-20
Jeffrey Welch,CSM,Scrum Master Certified,2023-01-01,2025-11-07
Kurt Villarreal,ISTQBTMG,ISTQB Exp Test Management Cert,2021-07-25,2023-06-12
Lawrence Tucker,CGIPM2,PM Level 2 (CGI),2022-10-25,2025-10-04
Lawrence Tucker,DEVSOFND,DevSecOps Foundation​,2020-01-01,2022-08-18
Lawrence Tucker,MSBIR,MS - BI Reporting,2022-01-19,2024-04-24
Sarah Mccoy,GCLOUDDL,Google Cloud Digital Leader,2020-06-14,2023-04-04
Tonya Cox,NOW-CSA,ServiceNow Cert System Admin,2019-12-15,2022-02-10
Terry Mata,SNMCAT,ServiceNow MC Agile & Test Mgt,2022-07-19,2024-02-03
Terry Mata,SFCASSOC,Salesforce Cert Associate,2019-12-17,2022-02-12
Carol Woodard,DOFBYDOI,DevOps Fnd by DevOps Inst,2021-01-04,2023-07-30
Carol Woodard,SFADMINI,Salesforce Administrator,2023-02-08,2025-01-17
Ms. Brianna Bell,SAFECSAG,Scaled Agilist Certified,2024-01-16,2025-10-05
Ms. Brianna Bell,BPM-SA,BPMwith ARIS’ (Software AG),2023-02-18,2025-11-20
Tammy Lewis,SNMCCMDB,ServiceNow MC Configure CMDB,2020-09-03,2022-08-01
Tammy Lewis,LSSBB,Lean Six Sigma Black Belt,2020-12-08,2022-02-17
Tammy Lewis,IBMISDAT,IBM Cert SolDevInfoSphreDatStg,2024-01-18,2026-11-08
Antonio Nelson,SFCDA,Salesforce Cert Data Architect,2021-09-20,2024-09-09
Antonio Nelson,MSAZDF,Microsoft Azure DataFundmntls,2023-03-26,2025-01-19
Mr. Thomas Jefferson,SNMCPI,ServiceNow MC PredictiveIntell,2020-11-27,2022-08-27
Mr. Thomas Jefferson,AWSSOARC,AWS Solution Architect,2023-06-25,2025-03-07
Monica Hernandez,12285,Lean IT Foundation by LITA,2024-02-07,2025-05-25
Monica Hernandez,SFCOSDEV,Salesforce Cert OmniStudio Dev,2021-04-27,2023-11-01
Monica Hernandez,SFCOSCON,Salesforce Cert OmniStudioCons,2023-07-25,2026-05-20
Jamie Horne,OCA8,OCA8,2024-05-21,2026-10-03
Jerry Simpson,MCPBIDAA,Microsoft CertPowrBIDataAnaAss,2023-05-29,2025-04-03
Jerry Simpson,FMECP,FME Certified Professional,2021-07-27,2023-07-14
Jerry Simpson,AGILEPM,Agile Project Management,2019-11-25,2021-06-26
Theresa Reilly,PSPO,Scrum Prod Owner Professional,2022-08-17,2024-12-15
Theresa Reilly,IBMISDAT,IBM Cert SolDevInfoSphreDatStg,2023-12-23,2026-11-24
Brett Ball,CIIP,ISO 27001 Implementation P,2021-05-19,2023-04-02
Brett Ball,UX-WACC,Accessibilité web  / UdM,2020-06-16,2023-01-20
Carolyn Ortega,MSD365S,Microsoft Dyn365 for Sales,2023-04-25,2024-11-25
Carolyn Ortega,CGIPM3,PM Level 3 (CGI),2023-11-30,2025-01-30
Sandra Smith,TOGAFFOU,TOGAF 9 Foundation,2020-02-05,2022-05-23
Sandra Smith,SAF,Leading SAFe,2021-12-25,2024-05-23
Kristin Lynch,MSAZDAT,Implementing Azure Data Solut,2020-03-15,2021-05-23
Kristin Lynch,AZUREDAS,Azure Data Solution Designing,2020-03-10,2022-09-25
Kristin Lynch,CAPM,CertifiedAssociate ProjectMgmt,2022-03-22,2023-05-12
Anthony Johnson,CABFI,SAP CA BusFound Integrat,2023-04-18,2024-04-22
Anthony Johnson,SNMCPA,ServiceNow MC Perf Analytics,2020-05-04,2021-11-02
Anthony Johnson,SNMCCMDB,ServiceNow MC Configure CMDB,2023-02-02,2024-12-30
Paul Roman,ING JR,Ingénieur junior,2022-06-04,2023-07-20
Paul Roman,CSA,Pega CSA,2022-07-12,2023-10-28
Randall Russell,ENG,Ingénieur,2022-12-08,2024-10-01
Randall Russell,DEVSOFND,DevSecOps Foundation​,2023-11-29,2025-02-18
Randall Russell,SCCUSER,Splunk Core Certified User,2022-10-26,2023-12-07
Daniel Lewis,MD365,Microsoft Dynamics 365,2023-12-12,2025-06-11
Daniel Lewis,OCA8,OCA8,2021-12-28,2024-06-03
Daniel Lewis,MSAZDF,Microsoft Azure DataFundmntls,2023-08-19,2026-03-22
Beth Daugherty,SFCDLCDA,Salesforce Cert DevLifecDepArc,2021-06-30,2023-08-27
Sharon Reed,MSCDL1M4,SalesforceMuleSoftDevL1M4DELTA,2022-09-30,2023-10-16
Sharon Reed,ITILV4,ITIL 4 Foundation,2019-08-31,2021-08-05
Brittany Lopez,PROSCDEV,Scrum Developer Professional,2020-10-22,2022-10-09
Amy Jones,GCLDCXCP,Genesys Cloud CX Cert Prof,2021-02-12,2022-03-22
John Ramirez,CABFI,SAP CA BusFound Integrat,2020-10-17,2023-04-10
Nicole Little,PSMII,Professional Scrum Master II,2020-06-29,2023-05-02
Kaitlyn Lopez,BLUPRIDE,Blue Prism Developer,2020-12-22,2022-01-27
Kaitlyn Lopez,ICP-ENT,Agility Enterprise  Prof,2023-10-06,2025-08-31
Kaitlyn Lopez,FOAD,Finance &Ops App Developer,2023-07-04,2026-06-21
Miranda Wright,OCJD,Développeur Java Cert Oracle,2021-02-23,2023-03-26
Miranda Wright,LSSGB,Lean Six Sigma Green Belt,2022-08-08,2025-01-12
Ryan Lam,SFMACLSP,Salesforce Cert Mkt CldEmailSp,2021-12-05,2024-07-03
Anna Mejia,ICP-ENT,Agility Enterprise  Prof,2022-06-23,2024-10-28
Holly Griffin,FOAD,Finance &Ops App Developer,2021-04-04,2022-04-15
Holly Griffin,SFPLDEII,Salesforce Cert PlatformDev I,2023-09-19,2024-09-19
Deborah Mills,AGILEPM,Agile Project Management,2021-01-31,2023-06-13
Deborah Mills,IDFGPW,IDF G. Psychology & Web Design,2022-12-13,2025-02-26
Jamie Johnson,PLPF,Microsoft PowerPlatFundamentls,2019-09-26,2021-07-19
Jamie Johnson,SFP,SAFe Practioner,2021-12-14,2024-08-23
Jamie Johnson,SDP,SAFe DevOps Practitioner,2024-04-25,2026-07-10
Melissa Ryan,MCSEDMA,Microsoft CSE DataMgtAnalytc,2022-10-07,2024-01-20
Melissa Ryan,DBAO10G,Oracle Database Admin. 10g,2024-06-16,2026-03-21
Catherine King,SNMCCMDB,ServiceNow MC Configure CMDB,2023-06-12,2026-04-23
Catherine King,ITILFV3,Fondation ITIL V3,2020-09-04,2023-08-30
Catherine King,UX-GOAWO,Google AdWords Certification,2019-10-01,2021-01-25
Jeffrey Gallagher,SFCSVA,Salesforce Cert SharngVisibArc,2022-04-27,2025-01-21
Jeffrey Gallagher,SFCDA,Salesforce Cert Data Architect,2023-06-27,2026-03-20
Jeffrey Gallagher,SFCASSOC,Salesforce Cert Associate,2020-01-23,2022-09-02
Robert Solis,MOSMSEEO,Microsoft OS Excel Expert 2019,2023-02-22,2024-11-05
Robert Solis,ISTQBFAT,ISTQB Fnd AgileTest Cert,2023-11-25,2026-01-05
Donald Martin,MENDIX,Mendix - Become a Rapid Dvlpr,2021-12-11,2024-11-12
Donald Martin,PLPF,Microsoft PowerPlatFundamentls,2019-12-06,2022-08-27
William Cannon,COPADOFI,Copado Fundamentals I,2022-11-19,2024-11-08
Meagan Kirk,SF ADM,Salesforce Administration,2020-11-05,2022-08-24
Wendy Shaw,SNMCAT,ServiceNow MC Agile & Test Mgt,2019-09-22,2021-07-20
Wendy Shaw,ING,Ingénieur,2019-10-26,2020-11-27
Nicholas Boyd,AGILEPM,Agile Project Management,2020-04-30,2021-05-26
Nicholas Boyd,SNMCMDBH,ServiceNow MC CMDB Health,2021-09-03,2022-12-01
Nicholas Boyd,ITILEXP,ITIL Expert,2023-09-28,2026-09-03
Charles Wilson,MDCRMCC,Microsoft DynamicsCRMCust&Cnf,2023-01-19,2025-02-03
Dorothy Reynolds,NOW-CSA,ServiceNow Cert System Admin,2024-08-14,2026-12-30
Dorothy Reynolds,CABFI,SAP CA BusFound Integrat,2022-12-09,2025-04-30
Valerie Perez,MICROSCF,Microsoft 365 CertFundamentals,2019-10-29,2022-04-19
Sandra Brown,SDP,SAFe DevOps Practitioner,2022-07-07,2024-05-15
Sandra Brown,SPRA,SAFe Practitioner,2022-05-03,2025-02-01
Sandra Brown,MAF,Microsoft Cert Azure Fundmntls,2022-12-21,2025-11-06
Patrick Owens,SFCASSOC,Salesforce Cert Associate,2020-11-24,2023-11-21
Patrick Owens,CGIPM1,PM Level 1 (CGI),2020-09-13,2022-04-21
James Jackson,P2AGILE,Prince2 Agile,2024-01-13,2026-07-21
James Jackson,DEVOPSL,DevOps Leader,2023-11-10,2025-09-28
James Jackson,SFMACLSP,Salesforce Cert Mkt CldEmailSp,2023-09-01,2024-11-02
Bob Cross,SPOPM,SAFe Product Owner Prod Mngr,2024-01-06,2025-03-23
Bob Cross,AWSSOARC,AWS Solution Architect,2020-01-27,2022-07-02
Bob Cross,MCPPAMA,Microsoft CertPowerPfAppMkrAss,2020-05-03,2023-03-16
Veronica Austin,SFCDA,Salesforce Cert Data Architect,2021-04-12,2023-04-16
Veronica Austin,P2AGILE,Prince2 Agile,2019-10-07,2021-09-06
Veronica Austin,SFAPPARC,Salesforce CertApplcationArch,2020-10-30,2023-07-28
Brian Fox,OCJP,Programmeur Java Cert Oracle,2021-12-27,2023-11-10
Brian Fox,SAF,Leading SAFe,2022-01-14,2023-07-13
Mark Warren,GPA,Gestionnaire de projets agréé,2020-08-25,2023-08-24
Mark Warren,SFDAMGDE,Salesforce Data Arch & MgtDes,2021-03-28,2022-09-02
Christine Lewis,SSM,SAFe Scrum Master,2023-11-19,2026-07-22
Kimberly Martin,SECADMIN,Splunk Enterprise Cert. Admin,2024-06-10,2027-04-02
Kimberly Martin,CSA,Pega CSA,2021-11-26,2023-02-25
Kimberly Martin,INFCIAM,Informatica Cloud Integr (F),2020-08-22,2021-09-12
Brandon Pollard,SSM,SAFe Scrum Master,2022-11-14,2025-08-29
Brandon Pollard,GOOFDM,Google Fund.of Dig.Marketing,2021-07-30,2023-12-18
Brandon Pollard,SFCFSC,Salesforce Cert FieldSrvceCons,2021-04-09,2023-04-07
Angela Sosa,SFCDLCDA,Salesforce Cert DevLifecDepArc,2023-04-10,2026-01-23
Angela Sosa,SFSYSARC,Salesforce Cert System Archit,2019-12-17,2022-09-29
Angela Sosa,CIIP,ISO 27001 Implementation P,2021-02-23,2022-04-25
Keith Morgan,CSM,Scrum Master Certified,2020-10-13,2022-10-09
Keith Morgan,JCP,Developpeur Cert Java  Sun,2020-08-06,2023-04-04
Keith Morgan,P2AGILE,Prince2 Agile,2021-05-15,2023-09-14
Samantha Owens,MSCPFAL1,Salesforce MuleSoftCertPfArcL1,2020-07-11,2023-04-13
Dr. Nicole Williams,SFCEXPCC,Salesforce Cert Exp Cloud Cons,2020-01-08,2021-03-14
Dr. Nicole Williams,ISTQBFC,ISTQB niveau fondation,2024-03-18,2026-10-04
Dr. Nicole Williams,DBAO10G,Oracle Database Admin. 10g,2022-02-20,2023-12-29
Ray Clements,SNMCATF,ServiceNow MC Automtd Test Frm,2020-12-16,2023-03-14
Katelyn Roberson,SFMACLSP,Salesforce Cert Mkt CldEmailSp,2019-09-27,2022-04-01
Zoe Young,SSM,SAFe Scrum Master,2023-04-05,2025-05-13
Zoe Young,SNMCMDBH,ServiceNow MC CMDB Health,2020-12-10,2023-08-24
Andrew Reid,PLPF,Microsoft PowerPlatFundamentls,2024-03-13,2027-02-06
Andrew Reid,GPA,Gestionnaire de projets agréé,2023-08-22,2026-02-08
Robert Fuentes,MAF,Microsoft Cert Azure Fundmntls,2023-07-20,2025-07-27
Robert Fuentes,ISTQBTMC,ISTQB gest tests avancé,2024-01-10,2026-07-28
Robert Fuentes,SFCCPQS,Salesforce Cert CPQ Specialist,2021-11-17,2023-06-13
David Berry PhD,SF ADM,Salesforce Administration,2023-09-04,2025-08-03
David Berry PhD,ING JR,Ingénieur junior,2020-11-12,2023-06-14
David Berry PhD,SASBP,SAS Cert Base Programmer,2024-07-23,2027-04-09
Eric Woods,OCJD,Développeur Java Cert Oracle,2022-09-11,2024-11-08
Eric Woods,SFCOSDEV,Salesforce Cert OmniStudio Dev,2022-06-16,2024-01-30
Kristin Clark,CBTM,Business Transformation Mgr,2023-08-09,2024-09-04
Kristin Clark,ACCESS42,Access 42 - Accessibilité,2023-04-10,2025-12-25
Kristin Clark,SFPARDSP,Salesforce Cert Pardot Spec,2020-05-01,2022-06-23
Michael Thomas,GSSP,Java Certification,2023-06-15,2026-03-28
Michael Thomas,SFCASSOC,Salesforce Cert Associate,2022-08-11,2024-10-11
Michael Thomas,ITILLEAD,ITIL Leader,2020-10-31,2023-09-29
Kelli Atkins,AZUREDAS,Azure Data Solution Designing,2020-11-08,2023-03-09
Jennifer Rich,D365SFCA,Microsoft D365 SalesFuncConAss,2021-03-20,2022-06-09
Travis Kennedy,CLDDIGLD,Cloud Digital Leader,2020-12-05,2023-02-13
Travis Kennedy,RTE,SAFe Release Train Engineer,2022-12-15,2024-10-09
William Carr,GCLOUDAE,GoogleCloudAssociateEngineer,2020-07-08,2022-02-22
William Carr,ITILLEAD,ITIL Leader,2022-09-04,2024-08-26
Edward Barnes,ACP,"SCALED AGILE, SAFe Practit, SP",2021-03-30,2023-11-04
Zoe Lewis,CSPO,Certified Scrum Product Owner,2020-04-30,2022-07-19
Zoe Lewis,GCLDCXCP,Genesys Cloud CX Cert Prof,2023-09-20,2025-03-03
Zoe Lewis,SFCDA,Salesforce Cert Data Architect,2023-05-28,2026-05-19
John Calhoun,DKSCRUMO,SCRUM Product Owner (DK),2020-04-02,2022-09-30
John Calhoun,DFBYDASA,DevOps Fundamentals by DASA,2023-06-10,2025-10-18
Michelle Williams,SAFECSAG,Scaled Agilist Certified,2023-11-09,2026-06-24
Robert Mcfarland,CIIP,ISO 27001 Implementation P,2023-12-23,2025-12-11
Robert Mcfarland,ING,Ingénieur,2022-11-14,2024-09-01
Joshua Martin,SFCDLCDA,Salesforce Cert DevLifecDepArc,2020-02-01,2021-09-02
Joshua Martin,MSWA,Microsoft CSA WebApplications,2022-02-16,2024-05-12
Joshua Martin,ITILEXP,ITIL Expert,2024-05-06,2026-03-07
Nicole Bryan,GCLDSCCS,Genesys Cloud ScriptngCertSpec,2022-06-01,2023-11-22
Nicole Bryan,UX-GOAWO,Google AdWords Certification,2019-12-15,2021-10-06
Teresa Fischer,SFCSVA,Salesforce Cert SharngVisibArc,2023-08-04,2025-05-24
Walter Byrd,QM,Quality Manager Certified,2022-05-03,2024-12-29
Walter Byrd,DKSCRUMO,SCRUM Product Owner (DK),2021-05-24,2023-09-12
Walter Byrd,SFPLATAB,Salesforce Cert PltfrmApBuildr,2020-06-23,2022-12-05
Christine Gonzalez,ISTQBFAT,ISTQB Fnd AgileTest Cert,2022-01-17,2023-03-03
Christine Gonzalez,TOGAF,Cadre archit OpenGroup (TOGAF),2023-06-24,2025-06-27
Sarah Taylor,MSD365FS,MSDynamics365 for FieldService,2024-01-04,2026-11-30
Sarah Taylor,OCP JSE,Oracle JAVA SE prog  prof,2020-12-28,2022-08-05
Holly Scott,POWBIAVD,Microsoft PowrBIAnaVisualData,2022-06-13,2023-08-31
Stephen Cunningham,CSP,Certified Scrum Professional,2021-08-27,2023-06-10
Alisha Bartlett,AWSSOARC,AWS Solution Architect,2020-03-19,2022-12-26
Alisha Bartlett,OCJD,Développeur Java Cert Oracle,2022-04-30,2024-08-26
Alisha Bartlett,SFMACLSP,Salesforce Cert Mkt CldEmailSp,2020-08-30,2023-03-24
Laura Yates,ISTQBTAE,ISTQB Exp Test Auto Eng Cert,2019-11-02,2022-02-26
Laura Yates,SIEB8MKT,Siebel 8.0 Manager Ed 1 LVC,2020-10-30,2023-09-18
Laura Yates,ITILSM,ITIL Service Manager,2023-06-09,2025-05-25
Jennifer Cox,AAARPA,Automation AnywhereAdvRPA Prof,2024-01-26,2025-03-29
Beth Stevenson,SAF,Leading SAFe,2020-09-11,2022-12-21
Beth Stevenson,SFCDLCDA,Salesforce Cert DevLifecDepArc,2021-08-27,2023-09-18
Katelyn Newman,MSWA,Microsoft CSA WebApplications,2022-09-23,2025-07-31
Katelyn Newman,OCJP,Programmeur Java Cert Oracle,2021-01-29,2023-10-26
Katelyn Newman,SNMCVA,ServiceNow MC Virtual Agent,2020-11-29,2022-06-17
Jessica Ferrell,FMECP,FME Certified Professional,2024-06-10,2026-05-18
Jessica Ferrell,LPT,Licensed Penetration Tester,2020-08-14,2022-12-22
Jessica Ferrell,AWSDOENG,AWS DevOps Engineer,2020-09-28,2021-11-05
Robert Hall,GCLDCXCP,Genesys Cloud CX Cert Prof,2022-08-11,2024-11-14
Mr. Gordon Keller,CSP,Certified Scrum Professional,2024-01-02,2026-05-18
Mr. Gordon Keller,PLPDFCA,Microsoft PowerPlatFuncConsAss,2023-10-23,2025-11-29
Kelsey Hughes,PLPDFCA,Microsoft PowerPlatFuncConsAss,2023-03-31,2025-11-02
Krystal Wilkinson,POWBIAVD,Microsoft PowrBIAnaVisualData,2021-08-28,2023-11-25
Krystal Wilkinson,CGIPM3,PM Level 3 (CGI),2023-12-07,2025-07-05
Krystal Wilkinson,SFCCPQS,Salesforce Cert CPQ Specialist,2020-04-25,2022-05-06
Mary Gilbert,SFCOSDEV,Salesforce Cert OmniStudio Dev,2020-05-08,2022-12-03
Mary Gilbert,BPM-SA,BPMwith ARIS’ (Software AG),2021-11-01,2023-05-28
Brandy Roberts,MSDYNCR,Microsoft Dyn365 FundamntlsCRM,2021-07-20,2022-08-06
Brandy Roberts,CSP,Certified Scrum Professional,2024-07-20,2026-04-06
Rebecca Marsh,ISTQBTAE,ISTQB Exp Test Auto Eng Cert,2019-12-09,2021-03-28
Kristin Williams,365_DA,MS365 Certified: Dev Associate,2020-02-04,2021-04-01
Kristin Price,SFPARDCO,Salesforce Cert Pardot Cons,2020-05-26,2022-07-01
Kristin Price,SFCFSC,Salesforce Cert FieldSrvceCons,2022-04-27,2023-08-10
Kristin Price,ISTQBFAT,ISTQB Fnd AgileTest Cert,2024-08-07,2026-04-11
Scott Bonilla,SFCFSC,Salesforce Cert FieldSrvceCons,2020-09-22,2022-11-25
Ashley Benjamin,IBMISDAT,IBM Cert SolDevInfoSphreDatStg,2022-03-05,2024-12-17
Ashley Benjamin,GCLDCXCD,Genesys Cloud CX Cert Developr,2022-06-28,2025-01-01
Ashley Benjamin,SFMACLSP,Salesforce Cert Mkt CldEmailSp,2022-06-06,2024-09-22
David Williams,SOACC,SOA Certified Consultant,2019-12-10,2021-10-06
David Williams,SFDAMGDE,Salesforce Data Arch & MgtDes,2022-07-25,2024-10-18
David Williams,TOGAFFOU,TOGAF 9 Foundation,2022-07-29,2024-01-04
Jason Guerrero,ISTQBFC,ISTQB niveau fondation,2020-08-23,2022-10-19
Jason Guerrero,SASPA,SAS Cert PlatformAdministrator,2020-04-12,2022-10-03
Jason Martinez,ISTQBTAC,ISTQB analyste de tests avancé,2024-01-26,2025-10-06
Jason Martinez,MSD365FS,MSDynamics365 for FieldService,2019-12-23,2022-10-28
Jason Martinez,GOOFDM,Google Fund.of Dig.Marketing,2021-08-04,2024-05-20
Jessica Richard,MSAZDEAS,Microsoft CertAzureDataEngrAss,2020-08-16,2022-08-17
Jessica Richard,CGIPM1,PM Level 1 (CGI),2021-04-10,2023-07-27
Tammy Aguirre,SF DEV,Salesforce Developer,2024-08-27,2025-10-09
Paul Campos,MCP,MicrosoftCert Professional,2024-03-18,2026-05-23
Paul Campos,MD365,Microsoft Dynamics 365,2020-12-12,2023-06-15
Paul Campos,IBMISDAT,IBM Cert SolDevInfoSphreDatStg,2019-09-26,2021-05-24
Matthew Rivera,ISTQBFC,ISTQB niveau fondation,2022-02-09,2024-10-24
Matthew Rivera,SASBP,SAS Cert Base Programmer,2022-05-21,2025-02-01
David Lewis,UX-UTE,Usability Testing Edit / CU,2020-03-11,2022-12-14
David Lewis,ACP,"SCALED AGILE, SAFe Practit, SP",2019-12-04,2022-11-25
Christine Hammond,DKSCRUMO,SCRUM Product Owner (DK),2023-05-31,2024-12-06
Christine Hammond,SASBP,SAS Cert Base Programmer,2021-03-04,2022-04-19
Linda Townsend,GOOFDM,Google Fund.of Dig.Marketing,2023-08-13,2024-12-31
Linda Townsend,SECADMIN,Splunk Enterprise Cert. Admin,2023-12-17,2026-01-14
Linda Townsend,SFCDA,Salesforce Cert Data Architect,2023-08-24,2024-09-30
Angela Miller,GSSP,Java Certification,2022-09-24,2024-05-28
Angela Miller,MCPBIDAA,Microsoft CertPowrBIDataAnaAss,2020-08-21,2023-03-02
Darren Holden,ACCESS42,Access 42 - Accessibilité,2024-05-14,2027-04-16
Darren Holden,MSD365C,MSDynamics365 for Custom.Serv.,2023-12-08,2025-04-07
Darren Holden,DP900,Microsoft CertAzureDataFundmn.,2022-10-24,2024-03-28
Jillian Chavez,MTAHCS,Microsoft TA ProgrHTMLandCSS,2021-04-13,2022-04-19
Kevin Larson,SNMCMDBH,ServiceNow MC CMDB Health,2019-09-08,2021-12-01
Kevin Larson,SFADVADM,Salesforce Adv. Administrator,2021-12-13,2024-01-12
Jacob Braun,GCLDCXCD,Genesys Cloud CX Cert Developr,2022-11-19,2025-02-18
Jacob Braun,GCLDCXCP,Genesys Cloud CX Cert Prof,2020-09-22,2021-12-16
Jacob Braun,12285,Lean IT Foundation by LITA,2021-04-27,2024-02-23
Melissa Cherry,ALTERYXD,Alteryx Designer Core,2020-12-21,2022-11-07
Melissa Cherry,SNMCAT,ServiceNow MC Agile & Test Mgt,2023-03-09,2024-12-03
Melissa Cherry,CAE,Cambridge Advanced Certificate,2021-05-20,2023-10-03
James Turner,CSTEST,Software Tester Certified,2021-08-07,2024-02-20
James Turner,ING,Ingénieur,2023-08-02,2026-06-28
Morgan Coleman,CGIPM2,PM Level 2 (CGI),2023-05-12,2025-05-04
Morgan Coleman,SAF,Leading SAFe,2024-08-25,2026-08-31
Morgan Coleman,UX-UIFD,Design et prototypage d'IU/UdC,2022-05-18,2025-02-21
Eric Campbell,SA,SAFe Agilist,2022-04-09,2023-10-18
Eric Campbell,GCLDCXCD,Genesys Cloud CX Cert Developr,2021-07-30,2023-07-08
Jason Russo,GCLDCXCD,Genesys Cloud CX Cert Developr,2022-02-04,2023-02-10
James Nelson,DKSCRUMO,SCRUM Product Owner (DK),2020-11-23,2022-08-06
James Nelson,SFCSVA,Salesforce Cert SharngVisibArc,2020-03-20,2022-10-01
James Nelson,UX-UIFD,Design et prototypage d'IU/UdC,2019-12-28,2022-05-15
Jared Hunter,MSWA,Microsoft CSA WebApplications,2023-09-01,2024-09-25
Jared Hunter,IBMISDAT,IBM Cert SolDevInfoSphreDatStg,2021-03-28,2022-10-01
Jared Hunter,INFDQA,Informatica DataQuality10: Adm,2023-12-10,2026-03-08
Justin Long,OIS ADF,Oracle ADF spec impl,2019-09-03,2021-06-15
Justin Long,MSDAA,Microsoft Data Analyst Assoc.,2019-09-28,2021-03-26
Justin Long,PROSCDEV,Scrum Developer Professional,2024-02-07,2026-10-16
Cheryl Carter,SFPARDSP,Salesforce Cert Pardot Spec,2020-09-17,2023-01-12
Julie Sanders,FMECP,FME Certified Professional,2023-07-19,2025-10-21
Kelly Pruitt,SASBICD,SAS Cert BI Content Developer,2024-08-03,2025-11-23
Kelly Pruitt,NOW-CIS,ServiceNow Cert Implement Spec,2022-01-15,2024-02-10
Edward Johnson,CENG,Ingénieur agréé,2019-09-29,2021-10-16
Edward Johnson,MCPPAMA,Microsoft CertPowerPfAppMkrAss,2021-10-12,2023-04-29
Anna Knight,ACCESS42,Access 42 - Accessibilité,2021-11-15,2023-08-09
Karen Barker,PLPF,Microsoft PowerPlatFundamentls,2021-05-03,2023-04-28
Dominique Archer,PLPDFCA,Microsoft PowerPlatFuncConsAss,2020-05-07,2021-07-13
Dominique Archer,ING JR,Ingénieur junior,2020-01-05,2021-10-29
Dominique Archer,PROSCDEV,Scrum Developer Professional,2020-05-03,2022-08-11
Abigail Hernandez,GCLOUDAE,GoogleCloudAssociateEngineer,2024-05-30,2027-03-27
Abigail Hernandez,MOSMSEEO,Microsoft OS Excel Expert 2019,2024-03-30,2027-03-08
Brianna Moore,CSPO,Certified Scrum Product Owner,2020-06-02,2021-11-07
Brianna Moore,OCJD,Développeur Java Cert Oracle,2023-12-12,2025-04-15
Brianna Moore,MSAZDF,Microsoft Azure DataFundmntls,2024-07-15,2026-06-25
Jay Taylor,BPM-SA,BPMwith ARIS’ (Software AG),2024-06-16,2026-05-01
Jay Taylor,MSAZDF,Microsoft Azure DataFundmntls,2021-03-14,2022-05-03
Jay Taylor,MSAZSEEN,Microsoft Azure Security Engr,2021-07-22,2023-12-14
Cynthia Campbell,GPA,Gestionnaire de projets agréé,2020-11-11,2023-03-01
Cynthia Campbell,SPOPM,SAFe Product Owner Prod Mngr,2021-12-29,2024-01-25
Cynthia Campbell,UX-GOAWO,Google AdWords Certification,2022-03-19,2023-12-23
Susan Foster,SECADMIN,Splunk Enterprise Cert. Admin,2022-01-31,2024-09-26
Samantha Huff,OCJD,Développeur Java Cert Oracle,2023-02-10,2024-12-06
Samantha Huff,ITILFV2,ITIL Foundations,2023-07-01,2024-11-23
Samantha Huff,MSWA,Microsoft CSA WebApplications,2023-12-30,2025-11-15
Jamie Morales,SF ADM,Salesforce Administration,2022-01-11,2024-02-28
Jamie Morales,SNMCIH,ServiceNow MC IntegrationHub,2021-11-06,2023-02-07
Jamie Morales,ISTQBTMG,ISTQB Exp Test Management Cert,2024-03-22,2025-08-21
Angela Christensen,MSAZDF,Microsoft Azure DataFundmntls,2021-08-06,2022-12-06
Angela Christensen,AZUREDAS,Azure Data Solution Designing,2021-08-03,2023-10-29
Elizabeth Cordova,DEVOPSL,DevOps Leader,2024-03-09,2026-10-19
Elizabeth Cordova,SAFECSAG,Scaled Agilist Certified,2022-11-28,2024-05-19
Elizabeth Cordova,CCNA,Associé réseautage Cisco(CCNA),2022-05-31,2024-07-01
Andrew Hall,MCPBIDAA,Microsoft CertPowrBIDataAnaAss,2024-04-10,2025-09-10
Andrew Hall,SAFEDEVO,SAFe 4 Cert DevOpsPractitioner,2020-05-15,2023-01-22
Andrew Hall,SFPLDEII,Salesforce Cert PlatformDev I,2022-02-03,2024-06-28
Jennifer Lee,UX-GOANA,Google Analytics Crtification,2021-08-31,2023-09-09
Jason English,JCP,Developpeur Cert Java  Sun,2021-06-04,2022-09-26
Jason English,MSD365C,MSDynamics365 for Custom.Serv.,2021-10-11,2022-11-18
Jason English,OCJD,Développeur Java Cert Oracle,2022-06-13,2025-01-18
Danielle Sandoval,MCPBIDAA,Microsoft CertPowrBIDataAnaAss,2021-06-18,2023-09-08
Matthew Mitchell,ISTQBFAT,ISTQB Fnd AgileTest Cert,2020-11-07,2023-08-04
Michelle Robinson,MCSE,Microsoft Cert Solutions Exp,2022-08-22,2025-08-10
Cynthia Garcia,AWSSOARC,AWS Solution Architect,2023-03-10,2025-03-12
Justin Snyder,INFCIAM,Informatica Cloud Integr (F),2021-08-18,2023-04-11
David Lee,SAFEDEVO,SAFe 4 Cert DevOpsPractitioner,2024-02-23,2025-08-22
David Lee,SFCFSC,Salesforce Cert FieldSrvceCons,2022-11-10,2025-06-01
David Lee,SFDAMGDE,Salesforce Data Arch & MgtDes,2024-04-21,2027-03-22
Erin Kim,LPT,Licensed Penetration Tester,2023-12-05,2026-03-14
Patrick Beltran,MSD365F,Microsoft 365 CertFundamentals,2024-01-02,2026-09-30
Patrick Beltran,SNMCPA,ServiceNow MC Perf Analytics,2020-01-25,2022-08-22
Patrick Beltran,MSBIR,MS - BI Reporting,2023-05-05,2024-12-04
Jennifer Yang,SNMCATF,ServiceNow MC Automtd Test Frm,2021-06-18,2023-11-20
Jennifer Yang,ICP-ENT,Agility Enterprise  Prof,2020-07-03,2021-08-15
Jennifer Yang,MSCDL1M4,SalesforceMuleSoftDevL1M4DELTA,2020-08-18,2021-09-21
Shirley Willis,LSSGB,Lean Six Sigma Green Belt,2022-01-26,2024-02-22
Shirley Willis,SAFETMS,SAFe for Teams,2022-06-05,2025-02-01
Shirley Willis,MENDIX,Mendix - Become a Rapid Dvlpr,2023-06-08,2025-12-22
Timothy Warren,MSD365F,Microsoft 365 CertFundamentals,2020-03-07,2022-02-05
Sarah Burke,PLPDFCA,Microsoft PowerPlatFuncConsAss,2020-11-21,2022-03-28
Roger Young,PSPO,Scrum Prod Owner Professional,2023-01-23,2024-04-28
Connie Heath,OIS ADF,Oracle ADF spec impl,2020-11-26,2023-09-27
Connie Heath,SNMCPI,ServiceNow MC PredictiveIntell,2023-01-06,2024-06-27
Nathaniel Johnson,CBTM,Business Transformation Mgr,2022-10-15,2025-08-03
Nathaniel Johnson,AWSMALEA,AWS Machine Learning,2020-11-29,2022-04-08
Nathaniel Johnson,ITILEXP,ITIL Expert,2021-04-19,2022-10-22
Troy Young,IBMISDAT,IBM Cert SolDevInfoSphreDatStg,2023-08-28,2025-11-25
Troy Young,CSP,Certified Scrum Professional,2022-02-17,2024-09-15
Paula Allen,GCLDCXCP,Genesys Cloud CX Cert Prof,2020-01-16,2022-05-14
Catherine Delgado,M365DEV,Microsoft 365  Developer,2021-05-20,2023-07-26
Catherine Delgado,ACP,"SCALED AGILE, SAFe Practit, SP",2020-09-29,2023-05-28
Catherine Delgado,ITILFV3,Fondation ITIL V3,2022-09-18,2025-01-02
Lisa Cohen,PSM1,Scrum Master I Professional,2023-03-13,2024-07-09
Lisa Cohen,SCCUSER,Splunk Core Certified User,2021-12-29,2023-08-28
Randy Carr,SNMCPI,ServiceNow MC PredictiveIntell,2020-05-01,2023-02-11
Randy Carr,MDCRMCC,Microsoft DynamicsCRMCust&Cnf,2020-06-27,2022-03-25
Stephanie Smith,MSCDL1M4,SalesforceMuleSoftDevL1M4DELTA,2020-10-04,2022-11-05
Stephanie Smith,SECADMIN,Splunk Enterprise Cert. Admin,2019-11-02,2022-07-03
Adam Christian,MTAHCS,Microsoft TA ProgrHTMLandCSS,2020-04-10,2021-05-30
Michelle Blankenship,AZUREDAS,Azure Data Solution Designing,2021-07-12,2023-10-04
Brenda Rodriguez,ACP,"SCALED AGILE, SAFe Practit, SP",2019-12-30,2021-08-05
Brenda Rodriguez,BLUPRIDE,Blue Prism Developer,2021-08-21,2024-06-17
Brenda Rodriguez,MSD365S,Microsoft Dyn365 for Sales,2020-09-27,2023-09-01
Jeffrey Bridges,12285,Lean IT Foundation by LITA,2020-10-24,2022-02-02
Darrell Flores,SNMCCMDB,ServiceNow MC Configure CMDB,2021-03-31,2023-06-29
Travis Nicholson,INFDQA,Informatica DataQuality10: Adm,2024-05-21,2027-03-19
Nichole Johnson,OCJP,Programmeur Java Cert Oracle,2023-12-06,2025-04-29
Sean Schmidt,SNMCIH,ServiceNow MC IntegrationHub,2021-11-14,2023-04-01
Pamela Long,GPA,Gestionnaire de projets agréé,2022-10-27,2025-05-14
Pamela Long,INFDQA,Informatica DataQuality10: Adm,2023-03-13,2026-01-18
Maurice Sloan,ISTQBF,ISTQB Fnd Tester Cert,2021-09-18,2023-10-11
Paul Owens,MSD365FS,MSDynamics365 for FieldService,2023-03-10,2026-03-08
Paul Owens,RTE,SAFe Release Train Engineer,2023-04-15,2025-02-16
Paul Owens,MSAZSEEN,Microsoft Azure Security Engr,2020-05-30,2021-08-10
Brooke Gillespie,MSAZDF,Microsoft Azure DataFundmntls,2020-06-19,2022-11-24
Brooke Gillespie,SFCASSOC,Salesforce Cert Associate,2021-06-02,2022-08-11
Derrick Nelson,CLDDIGLD,Cloud Digital Leader,2020-06-29,2022-01-15
Hannah Jones,SFSECLCO,Salesforce Service Cloud Cons,2024-06-19,2025-12-08
Hannah Hoffman,SFSVIDES,Salesforce Sharing/VisbltyDes,2022-05-09,2024-09-11
Hannah Hoffman,UX-GOAWO,Google AdWords Certification,2020-08-21,2023-06-26
Patricia Rogers,SNMCAT,ServiceNow MC Agile & Test Mgt,2024-06-30,2027-06-20
Robert Cuevas,ISTQBFAT,ISTQB Fnd AgileTest Cert,2024-07-28,2026-04-12
Robert Cuevas,MSD365F,Microsoft 365 CertFundamentals,2020-01-06,2022-06-08
Derek Callahan,CSP,Certified Scrum Professional,2020-03-11,2021-11-13
Felicia Harmon,SFAPPARC,Salesforce CertApplcationArch,2020-06-13,2021-11-13
Richard Serrano,CCNA,Associé réseautage Cisco(CCNA),2023-08-26,2025-04-12
Richard Serrano,TOGAFFOU,TOGAF 9 Foundation,2021-07-27,2023-07-02
Richard Serrano,ITILV4,ITIL 4 Foundation,2021-03-07,2022-07-15
Catherine Lee,SFCDLCDA,Salesforce Cert DevLifecDepArc,2022-05-28,2024-01-03
Catherine Lee,OCJD,Développeur Java Cert Oracle,2021-06-28,2023-05-09
Catherine Lee,SAFEDEVO,SAFe 4 Cert DevOpsPractitioner,2024-02-11,2026-07-13
Derrick Jones,MOSMSEEO,Microsoft OS Excel Expert 2019,2021-01-30,2022-11-27
Marie Mathis,SASAP,SAS Cert Advanced Programmer,2021-01-15,2023-04-23
Marie Mathis,ICP-ENT,Agility Enterprise  Prof,2023-02-19,2025-08-31
Marie Mathis,ITILFV3,Fondation ITIL V3,2020-08-10,2021-10-01
Stephen Hopkins,POWBIAVD,Microsoft PowrBIAnaVisualData,2021-03-08,2023-03-22
Tracy Hurley,GPA,Gestionnaire de projets agréé,2023-06-10,2025-06-11
Tracy Hurley,365_DA,MS365 Certified: Dev Associate,2020-01-23,2021-04-06
Christian Ellis,QM,Quality Manager Certified,2020-10-06,2021-11-27
Ryan Garcia,SFADVADM,Salesforce Adv. Administrator,2019-10-26,2021-01-28
Ryan Garcia,GCLDSCCS,Genesys Cloud ScriptngCertSpec,2020-05-02,2022-06-09
Ryan Garcia,SFDAMGDE,Salesforce Data Arch & MgtDes,2020-10-18,2023-04-01
Tammy Burton,ITILLEAD,ITIL Leader,2023-08-05,2026-01-27
Tammy Burton,SNMCIH,ServiceNow MC IntegrationHub,2022-05-30,2025-02-21
Tammy Burton,GCLDSCCS,Genesys Cloud ScriptngCertSpec,2022-05-25,2025-01-14
Jack Kaufman,SNMCCMDB,ServiceNow MC Configure CMDB,2023-07-29,2026-06-09
Jack Kaufman,OCJA,Oracle Cert Java Associate,2024-04-12,2026-03-01
Tonya Fry,INFDQA,Informatica DataQuality10: Adm,2021-07-04,2023-03-11
Tonya Fry,AWSMALEA,AWS Machine Learning,2023-05-14,2024-12-26
Alicia Castaneda,LSSGB,Lean Six Sigma Green Belt,2020-01-30,2021-12-28
Alicia Castaneda,COPADOFI,Copado Fundamentals I,2023-12-30,2025-04-19
Maria Curtis,ISTQBTMG,ISTQB Exp Test Management Cert,2020-02-25,2021-11-03
Maria Curtis,MUCD,Salesforce Mulesoft CertDev L1,2019-09-30,2021-12-09
Shelly Fuller,M365DEV,Microsoft 365  Developer,2024-06-29,2026-01-04
Shelly Fuller,PLPF,Microsoft PowerPlatFundamentls,2021-10-14,2024-02-12
Shelly Fuller,MTAHCS,Microsoft TA ProgrHTMLandCSS,2020-03-24,2022-10-16
Mitchell Short,CKA,Kubernetes Administrator,2024-08-04,2027-06-26
Felicia Wright,FMECP,FME Certified Professional,2021-08-23,2023-09-01
Rachel Beltran,AWSSOARC,AWS Solution Architect,2023-07-07,2025-03-10
Rachel Beltran,MSDAA,Microsoft Data Analyst Assoc.,2023-05-15,2025-07-13
Rachel Beltran,MUCD,Salesforce Mulesoft CertDev L1,2022-08-13,2023-12-30
Scott Robertson,ISTQBFAT,ISTQB Fnd AgileTest Cert,2023-02-27,2025-06-15
Scott Robertson,SFCOSCON,Salesforce Cert OmniStudioCons,2023-06-20,2024-12-31
Scott Robertson,ISTQBTAC,ISTQB analyste de tests avancé,2024-01-08,2026-02-24
Patricia Moyer,SNMCAT,ServiceNow MC Agile & Test Mgt,2020-06-24,2022-03-01
Patricia Moyer,SFCFSC,Salesforce Cert FieldSrvceCons,2023-12-27,2026-04-01
Kellie Dalton,OIS ADF,Oracle ADF spec impl,2020-02-18,2022-12-11
Samuel Garcia,UX-GOANA,Google Analytics Crtification,2024-04-22,2025-06-02
Jared Suarez,GCLDCXCD,Genesys Cloud CX Cert Developr,2021-09-23,2024-05-06
Jared Suarez,MSAZDEAS,Microsoft CertAzureDataEngrAss,2020-12-15,2023-05-12
Ryan Campbell,SASBICD,SAS Cert BI Content Developer,2024-05-16,2025-07-18
Sherri White,GCLDSCCS,Genesys Cloud ScriptngCertSpec,2020-10-08,2021-10-19
Tyler Swanson,GCLDSCCS,Genesys Cloud ScriptngCertSpec,2022-08-14,2024-03-12
Tyler Swanson,CCNA,Associé réseautage Cisco(CCNA),2022-09-07,2023-12-10
Tyler Swanson,SSM,SAFe Scrum Master,2021-07-19,2023-03-06
Terry Kim,MSAZDEAS,Microsoft CertAzureDataEngrAss,2022-01-25,2023-01-31
Terry Kim,IIBACBAP,Business Analyst Prof Cert,2022-03-02,2024-04-22
Richard Griffin,SPLUNKP,Splunk Power User Cert,2024-08-09,2026-12-29
Richard Griffin,GSSP,Java Certification,2021-11-27,2024-03-25
Lisa Wolf,UIPATH A,UiPath CertAdvRPADeveloperv1.0,2023-04-21,2025-02-26
Brandon Cook,MUCIA,Salesforce MuleSoftIntegArchL1,2023-03-16,2025-06-30
Brandon Cook,SFMACLSP,Salesforce Cert Mkt CldEmailSp,2022-11-19,2025-03-02
Elizabeth Burton,SA,SAFe Agilist,2023-07-07,2025-05-20
Elizabeth Burton,MICROSCF,Microsoft 365 CertFundamentals,2023-03-29,2025-10-20
Elizabeth Burton,ENG,Ingénieur,2019-12-15,2022-03-31
Oscar Clark,365_DA,MS365 Certified: Dev Associate,2024-03-19,2025-04-14
Susan Martin,SAF,Leading SAFe,2024-07-09,2025-10-04
Shane Day,MDCRMCC,Microsoft DynamicsCRMCust&Cnf,2021-03-03,2022-11-09
Shane Day,COPADOFI,Copado Fundamentals I,2023-06-16,2024-08-23
Shane Day,UX-GDESI,Graphic Design / CU,2020-01-06,2022-10-07
Jorge Lee,GSSP,Java Certification,2021-02-05,2023-12-02
Megan Woods,SNMCAT,ServiceNow MC Agile & Test Mgt,2021-03-15,2023-03-23
Jeffrey Jones,ITILFV3,Fondation ITIL V3,2019-08-28,2021-02-17
Jeffrey Jones,PSM1,Scrum Master I Professional,2022-04-11,2024-08-06
Kristen Williams,PSMII,Professional Scrum Master II,2020-04-06,2021-11-14
Kristen Williams,CSP,Certified Scrum Professional,2021-01-31,2023-12-10
Kristen Williams,MTAHCS,Microsoft TA ProgrHTMLandCSS,2020-09-03,2021-12-26
Megan Fowler,CSPO,Certified Scrum Product Owner,2020-05-06,2021-10-29
Megan Fowler,SFPLATAB,Salesforce Cert PltfrmApBuildr,2021-02-28,2022-07-23
Megan Fowler,MTAHCS,Microsoft TA ProgrHTMLandCSS,2021-01-25,2024-01-02
Andrew Bryant,UX-UTE,Usability Testing Edit / CU,2021-01-11,2022-11-12
Robert Rice,OCP JSE,Oracle JAVA SE prog  prof,2022-06-06,2024-03-30
Robert Rice,SF ADM,Salesforce Administration,2024-05-07,2026-10-13
Julia Vincent,SFSVIDES,Salesforce Sharing/VisbltyDes,2023-03-23,2025-09-07
Dennis Walker,MAF,Microsoft Cert Azure Fundmntls,2021-08-03,2023-09-29
Dennis Walker,SFSYSARC,Salesforce Cert System Archit,2024-05-31,2025-07-07
Dennis Walker,ITILFV2,ITIL Foundations,2021-10-17,2024-10-03
Sherry Wolf,PSPO,Scrum Prod Owner Professional,2021-10-24,2024-02-08
Sherry Wolf,SIEB8MKT,Siebel 8.0 Manager Ed 1 LVC,2021-09-12,2023-04-25
Julie Davis,MCPBIDAA,Microsoft CertPowrBIDataAnaAss,2020-08-20,2022-11-21
Julie Davis,IDFDT,IDF Design Thinking,2021-08-30,2023-07-10
Alejandra Delgado,ACP,"SCALED AGILE, SAFe Practit, SP",2024-05-27,2026-11-21
Calvin Andrews,CCNA,Associé réseautage Cisco(CCNA),2021-03-19,2023-06-02
Calvin Andrews,MSCDL1M4,SalesforceMuleSoftDevL1M4DELTA,2024-02-17,2025-06-29
Kathryn Johnson,SNMCCMDB,ServiceNow MC Configure CMDB,2024-06-29,2025-11-25
Jacob Durham,SOACC,SOA Certified Consultant,2023-06-14,2025-05-15
Jacob Durham,AZUREDAS,Azure Data Solution Designing,2022-02-20,2024-10-07
Jacob Durham,PSM1,Scrum Master I Professional,2024-05-04,2025-08-15
William Atkinson,MSAZDEAS,Microsoft CertAzureDataEngrAss,2023-04-20,2024-12-10
Colin Gonzalez,D365SFCA,Microsoft D365 SalesFuncConAss,2024-04-08,2026-03-12
Brian Wolfe,SFCDLCDA,Salesforce Cert DevLifecDepArc,2019-12-02,2021-04-23
Paula Mills,ING JR,Ingénieur junior,2022-04-06,2024-09-08
Jessica Adams,PSMII,Professional Scrum Master II,2020-11-08,2023-08-16
Jessica Adams,MOSMSEEO,Microsoft OS Excel Expert 2019,2020-04-27,2022-12-05
Jessica Adams,DOFBYDOI,DevOps Fnd by DevOps Inst,2020-12-28,2022-08-31
Heather Snyder,PLPF,Microsoft PowerPlatFundamentls,2022-02-27,2023-02-28
Angela Jenkins,12285,Lean IT Foundation by LITA,2020-11-05,2023-02-24
Angela Jenkins,MSD365S,Microsoft Dyn365 for Sales,2022-05-04,2023-10-20
Kyle Diaz,CBAP,BusinessAnalysis:IIBA ProLv,2023-04-03,2024-05-18
Robert Evans,NOW-CSA,ServiceNow Cert System Admin,2024-02-18,2027-02-09
Robert Evans,CGISDL3,SDM Niveau 3 (CGI),2022-05-24,2024-02-25
Christopher Hanson,M365DEV,Microsoft 365  Developer,2022-12-13,2025-04-04
Steven Steele,GCLDARCS,Genesys Cloud ArchitctCertSpec,2021-06-18,2023-11-04
Steven Steele,SNMCATF,ServiceNow MC Automtd Test Frm,2020-10-15,2022-07-13
Steven Steele,IPCDIC,Informatica PC DataInteg Cert,2023-04-29,2026-03-19
Jeremy Jenkins,CKA,Kubernetes Administrator,2024-06-12,2027-05-27
Jeremy Jenkins,CKA,Kubernetes Administrator,2021-06-20,2023-06-05
Jeremy Jenkins,CLDDIGLD,Cloud Digital Leader,2023-07-03,2024-07-11
Danielle Mathis,MSAZURE,Microsoft Cert Azure Fundmntls,2022-11-03,2025-03-18
Danielle Mathis,PRINCE2F,Cert Prince2 fondamental,2024-03-08,2026-03-20
Danielle Mathis,LPT,Licensed Penetration Tester,2020-06-09,2021-09-19
Rachael Jackson,CABFI,SAP CA BusFound Integrat,2023-06-17,2025-05-15
Rachael Jackson,SDESIGN,Conception responsable,2023-11-22,2025-10-12
Karen Hernandez,GCLDCXCP,Genesys Cloud CX Cert Prof,2019-11-26,2020-12-21
Karen Hernandez,SFCFSC,Salesforce Cert FieldSrvceCons,2020-11-07,2022-01-19
Karen Hernandez,SNMCPA,ServiceNow MC Perf Analytics,2019-12-30,2022-06-15
Clayton Holt,SFPLATAB,Salesforce Cert PltfrmApBuildr,2021-07-10,2024-06-13
Allison Pham,CGIPM3,PM Level 3 (CGI),2022-01-26,2024-03-05
Allison Pham,MCA,Microsoft Cert Architect,2021-02-06,2023-07-04
Allison Pham,SFCINTAR,Salesforce Cert Integ Architec,2020-04-23,2022-05-08
Isaac Blair,INFCIAM,Informatica Cloud Integr (F),2020-09-01,2021-11-13
Christopher Barton,ITILV4,ITIL 4 Foundation,2021-06-15,2022-12-01
Christopher Barton,PSM,Professional Scrum Master I,2024-02-18,2025-07-17
Christopher Barton,CSA,Pega CSA,2019-12-30,2022-01-06
Christopher Vincent,POWPF,Power Platform Fundamentals,2020-05-03,2021-08-23
Sara Young,IDFGPW,IDF G. Psychology & Web Design,2023-02-02,2025-06-25
Sara Young,SFCOSCON,Salesforce Cert OmniStudioCons,2024-04-20,2025-07-29
Sara Young,SFCOSDEV,Salesforce Cert OmniStudio Dev,2023-08-08,2026-01-07
Shane Lane,SFADMINI,Salesforce Administrator,2024-04-30,2027-04-14
Nathan Lester,TOGAF,Cadre archit OpenGroup (TOGAF),2021-02-12,2023-08-15
Nathan Lester,SNMCPI,ServiceNow MC PredictiveIntell,2023-02-25,2024-07-04
Nathan Lester,SNMCPI,ServiceNow MC PredictiveIntell,2021-07-28,2023-01-26
Amy Mercado,KSUSIT,Numérique Responsable,2024-03-27,2025-12-26
Heather Guzman,PSM,Professional Scrum Master I,2020-05-17,2023-04-28
Howard Mann,CBAP,BusinessAnalysis:IIBA ProLv,2024-04-06,2027-02-14
Howard Mann,SASAP,SAS Cert Advanced Programmer,2020-07-19,2023-01-31
Erica Pearson,IDFGPW,IDF G. Psychology & Web Design,2021-04-24,2023-09-28
James Schneider,SNMCVA,ServiceNow MC Virtual Agent,2021-09-06,2024-03-16
Christopher Martin,OCJD,Développeur Java Cert Oracle,2021-11-14,2023-05-22
Christopher Martin,CSTEST,Software Tester Certified,2022-02-22,2023-03-19
Christopher Martin,SNMCCMDB,ServiceNow MC Configure CMDB,2023-06-28,2024-11-06
Lisa Gonzales,DOFBYDOI,DevOps Fnd by DevOps Inst,2022-07-19,2025-02-06
Lisa Gonzales,CSM,Scrum Master Certified,2022-09-13,2024-01-03
Kevin Weber,QM,Quality Manager Certified,2022-10-29,2023-11-01
Sharon Diaz,SSM,SAFe Scrum Master,2021-01-14,2022-03-13
Jennifer Cooley,MSAZSEEN,Microsoft Azure Security Engr,2020-09-12,2022-06-10
Thomas Potter,SFSECLCO,Salesforce Service Cloud Cons,2021-05-28,2024-02-21
Thomas Potter,UIPATH A,UiPath CertAdvRPADeveloperv1.0,2023-03-17,2024-09-03
Sharon Hughes,DP900,Microsoft CertAzureDataFundmn.,2022-05-02,2024-10-09
Sharon Hughes,ISTQBFAT,ISTQB Fnd AgileTest Cert,2020-09-08,2022-10-09
Christina Hurst,OCJD,Développeur Java Cert Oracle,2020-05-08,2022-05-26
Christina Hurst,MCSE,Microsoft Cert Solutions Exp,2023-04-23,2026-03-08
Mark Moore,AWS CCP,AWS CertifiedCloudPractitioner,2020-06-08,2022-11-16
Mark Moore,ISTQBTMG,ISTQB Exp Test Management Cert,2024-02-15,2025-07-14
Mark Moore,CENG,Ingénieur agréé,2021-06-30,2023-03-25
Heather Zamora,PSPO,Scrum Prod Owner Professional,2020-03-08,2022-01-31
Brenda Hatfield,IPCDIC,Informatica PC DataInteg Cert,2020-02-04,2021-07-11
Mr. Jacob Smith,OCP JSE,Oracle JAVA SE prog  prof,2022-05-19,2024-05-20
Mr. Jacob Smith,ITILV4,ITIL 4 Foundation,2022-02-22,2023-07-05
Larry Henderson,CGIPM3,PM Level 3 (CGI),2023-10-26,2025-04-16
Larry Henderson,IIBACBAP,Business Analyst Prof Cert,2022-01-21,2024-06-16
Larry Henderson,CCAAHD,CCA Spark and Hadoop Developer,2019-10-10,2021-06-26
Joseph Brock,ISTQBTMG,ISTQB Exp Test Management Cert,2024-07-25,2026-06-24
Catherine Mcbride DVM,MTAHCS,Microsoft TA ProgrHTMLandCSS,2020-02-05,2021-10-24
Catherine Mcbride DVM,UX-GOAWO,Google AdWords Certification,2024-05-26,2026-11-05
William French,CGIPM2,PM Level 2 (CGI),2024-04-29,2027-02-22
William French,OCA8,OCA8,2022-05-03,2024-12-18
William French,SA,SAFe Agilist,2020-01-29,2022-04-16
Victor Savage,TOGAFFOU,TOGAF 9 Foundation,2023-10-30,2026-09-20
Victor Savage,PSM1,Scrum Master I Professional,2023-10-28,2026-02-21
Kyle Berger,CSTEST,Software Tester Certified,2020-01-10,2022-10-20
Kathryn Phillips,OCA8,OCA8,2021-07-17,2023-08-18
Kathryn Phillips,ISTQBFC,ISTQB niveau fondation,2023-01-11,2025-08-26
Nicholas Bridges,MSWA,Microsoft CSA WebApplications,2023-12-16,2025-11-30
Nicholas Bridges,PROSCDEV,Scrum Developer Professional,2020-04-22,2021-11-30
Robert Schmidt,UX-UIFD,Design et prototypage d'IU/UdC,2023-01-26,2025-02-03
Kathryn Marshall,SFCSVA,Salesforce Cert SharngVisibArc,2021-02-13,2022-04-19
Kathryn Marshall,MCP,MicrosoftCert Professional,2021-05-22,2023-12-09
Donald Caldwell,LSSGB,Lean Six Sigma Green Belt,2024-04-25,2026-01-23
Donald Caldwell,KSUSIT,Numérique Responsable,2020-07-01,2022-02-09
Donald Caldwell,POWBIAVD,Microsoft PowrBIAnaVisualData,2023-09-09,2026-04-11
Mackenzie Buckley,GCLDSCCS,Genesys Cloud ScriptngCertSpec,2022-02-11,2024-11-04
Darryl Davis,CENG,Ingénieur agréé,2023-07-16,2025-10-15
Sabrina Henderson,CSA,Pega CSA,2020-03-21,2021-10-10
Mason Payne,SFMACLSP,Salesforce Cert Mkt CldEmailSp,2020-11-03,2023-02-04
Mason Payne,SFSECLCO,Salesforce Service Cloud Cons,2022-08-31,2024-02-19
Jennifer Taylor,MCA,Microsoft Cert Architect,2024-04-28,2026-06-23
Jennifer Taylor,ISTQBFAT,ISTQB Fnd AgileTest Cert,2021-06-12,2023-01-07
Jennifer Taylor,UX-WACC,Accessibilité web  / UdM,2020-09-28,2022-03-15
